,index,subject,relation,object
0,1087076,11,isa,film
1,1087113,15,isa,band
2,1087128,16,isa,weapon
3,1087155,1984,isa,film
4,1087156,1984,isa,album
5,1087187,1st,isa,album
6,1087216,201,isa,device
7,1087252,25,isa,weapon
8,1087257,26,isa,weapon
9,1087262,28,isa,weapon
10,1087263,28,isa,book
11,1087335,30,isa,weapon
12,1087341,31,isa,weapon
13,1087346,32,isa,weapon
14,1087352,33,isa,weapon
15,1087356,34,isa,weapon
16,1087361,37,isa,weapon
17,1087370,38,isa,weapon
18,1087374,39,isa,weapon
19,1087408,3m,isa,company
20,1087422,40,isa,weapon
21,1087428,41,isa,weapon
22,1087431,43,isa,weapon
23,1087437,46,isa,weapon
24,1087498,53,isa,weapon
25,1087503,55,isa,weapon
26,1087516,61,isa,film
27,1087517,63,isa,book
28,1087536,73,isa,album
29,1087540,77,isa,weapon
30,1087542,79,isa,weapon
31,1087584,90,isa,weapon
32,1087590,91,isa,weapon
33,1087593,92,isa,album
34,1087596,94,isa,weapon
35,1087602,98,isa,album
36,1087617,a,isa,musical_artist
37,1087624,aa,isa,tangible_thing
38,1087626,aa,isa,person
39,1087627,aa,isa,river
40,1087668,aaron,isa,band
41,1087670,aaron,isa,given_name
42,1087772,abbas,isa,person
43,1087798,abc,isa,software
44,1087816,abdominal,isa,musical_artist
45,1087888,abdul,isa,given_name
46,1087890,abdullah,isa,given_name
47,1087895,abel,isa,given_name
48,1087908,aberdeen,isa,city
49,1087937,abidjan,isa,city
50,1088057,abortion,isa,disease
51,1088083,abraham,isa,given_name
52,1088264,abuja,isa,capital
53,1088288,abyss,isa,film
54,1088290,abyss,isa,book
55,1088564,academy,isa,agent_non_geographical
56,1088670,acc,isa,company
57,1088729,access,isa,company
58,1088838,accordance,isa,software
59,1088932,accusation,isa,film
60,1089363,acquire,isa,company
61,1089386,acquisition,isa,software
62,1089411,acreage,isa,area
63,1089537,act,isa,event
64,1089570,acting,isa,activity
65,1089645,action,isa,event
66,1089653,action,isa,state
67,1089655,action,isa,software
68,1089735,active,isa,person
69,1089770,activist,isa,person
70,1089789,actor,isa,musical_artist
71,1089790,actor,isa,person
72,1089801,actress,isa,human
73,1089802,actress,isa,person
74,1089810,actually,isa,album
75,1089941,adam,isa,person
76,1089943,adam,isa,given_name
77,1090070,adelaide,isa,city
78,1090072,adelaide,isa,capital
79,1090073,adelaide,isa,given_name
80,1090193,adige,isa,river
81,1090327,administrator,isa,person
82,1090366,adnan,isa,person
83,1090387,adolf,isa,given_name
84,1090461,adrian,isa,given_name
85,1090463,adriana,isa,given_name
86,1090477,adult,isa,person
87,1090644,adversary,isa,person
88,1090695,advocate,isa,magazine
89,1090697,advocate,isa,person
90,1091038,afghan,isa,asian
91,1091039,afghan,isa,person
92,1091040,afghan,isa,person_with_nationality
93,1091059,afghanistan,isa,country
94,1091063,afghanistan,isa,state
95,1091097,africa,isa,administrative_region
96,1091099,african,isa,human
97,1091101,african,isa,person
98,1091102,african,isa,person_with_nationality
99,1091273,afterwards,isa,film
100,1091281,again,isa,album
101,1091451,aggregate,isa,weapon
102,1091516,agnes,isa,given_name
103,1091517,agnes,isa,book
104,1091689,ahmad,isa,given_name
105,1091693,ahold,isa,company
106,1091703,ai,isa,musical_artist
107,1091712,aid,isa,activity
108,1091714,aid,isa,river
109,1091726,aids,isa,disease
110,1091816,air,isa,region
111,1091817,air,isa,band
112,1092066,airbus,isa,company
113,1092168,airplane,isa,film
114,1092226,airports,isa,place
115,1092252,aishwarya,isa,person
116,1092310,aki,isa,given_name
117,1092315,akira,isa,person
118,1092393,alan,isa,given_name
119,1092408,alarm,isa,weapon
120,1092413,alarm,isa,device
121,1092422,alaska,isa,administrative_region
122,1092424,alaska,isa,state
123,1092450,albania,isa,country
124,1092452,albanian,isa,human
125,1092453,albanian,isa,person_with_nationality
126,1092461,albanians,isa,ethnic_group
127,1092482,albert,isa,given_name
128,1092759,alex,isa,soccer_player
129,1092760,alex,isa,person
130,1092765,alexander,isa,given_name
131,1092783,alexandra,isa,musical_artist
132,1092798,alexia,isa,musical_artist
133,1092869,algeria,isa,country
134,1092870,algerian,isa,african
135,1092871,algerian,isa,person_with_nationality
136,1092892,algiers,isa,city
137,1092893,algiers,isa,capital
138,1092922,ali,isa,person
139,1092923,ali,isa,musical_artist
140,1092931,alicante,isa,city
141,1092950,alien,isa,person
142,1092951,alien,isa,software
143,1093000,alive,isa,album
144,1093197,alliance,isa,organization
145,1093326,ally,isa,state
146,1093422,alone,isa,album
147,1093617,alta,isa,company
148,1093889,always,isa,album
149,1093945,amanda,isa,given_name
150,1094037,amazon,isa,river
151,1094064,ambassadors,isa,book
152,1094242,america,isa,country
153,1094250,american,isa,person
154,1094251,american,isa,person_with_nationality
155,1094530,americans,isa,ethnic_group
156,1094533,americans,isa,people
157,1094674,amman,isa,city
158,1095052,amsterdam,isa,city
159,1095054,amsterdam,isa,book
160,1095084,amy,isa,given_name
161,1095486,anchor,isa,device
162,1095498,anchorage,isa,area
163,1095524,ancient,isa,person
164,1095624,anderson,isa,soccer_player
165,1095652,andrea,isa,given_name
166,1095679,andrew,isa,person
167,1095825,angel,isa,film
168,1095829,angel,isa,given_name
169,1095830,angel,isa,river
170,1095846,angelica,isa,given_name
171,1095858,angels,isa,people
172,1095973,angola,isa,country
173,1095974,angola,isa,state
174,1095976,angolan,isa,african
175,1095977,angolan,isa,person_with_nationality
176,1096095,animal,isa,film
177,1096239,animals,isa,band
178,1096325,anita,isa,given_name
179,1096326,anita,isa,musical_artist
180,1096330,ankara,isa,city
181,1096331,ankara,isa,capital
182,1096369,anna,isa,given_name
183,1096376,annabel,isa,given_name
184,1096389,anne,isa,given_name
185,1096729,anp,isa,tangible_thing
186,1097459,antoine,isa,given_name
187,1097460,antoine,isa,musical_artist
188,1097536,anyone,isa,album
189,1097537,anything,isa,album
190,1097548,aol,isa,company
191,1097720,apache,isa,ethnic_group
192,1097721,apache,isa,human
193,1097727,apache,isa,weapon
194,1097728,apache,isa,musical_artist
195,1097755,apartment,isa,film
196,1098075,appeal,isa,book
197,1098089,appeared,isa,film
198,1098371,approach,isa,album
199,1098489,aqaba,isa,city
200,1098584,arab,isa,human
201,1098649,arabs,isa,ethnic_group
202,1098783,arc,isa,river
203,1098825,arch,isa,magazine
204,1098833,arch,isa,structure
205,1098902,archer,isa,person
206,1098904,archer,isa,weapon
207,1098956,architect,isa,person
208,1099008,arctic,isa,company
209,1099080,area,isa,place
210,1099084,area,isa,structure
211,1099088,area,isa,region
212,1099193,argentina,isa,country
213,1099194,argentina,isa,state
214,1099196,argentina,isa,river
215,1099198,argentine,isa,person
216,1099200,argentine,isa,station
217,1099374,arizona,isa,administrative_region
218,1099375,arizona,isa,state
219,1099396,ark,isa,software
220,1099399,arkansas,isa,administrative_region
221,1099401,arkansas,isa,state
222,1099484,armenia,isa,country
223,1099680,arnhem,isa,city
224,1099691,arnold,isa,company
225,1099716,aron,isa,person
226,1099717,aron,isa,river
227,1099742,arrangement,isa,structure
228,1099855,arsenal,isa,tangible_thing
229,1100048,arthritis,isa,disease
230,1100084,arthur,isa,album
231,1100117,article,isa,artifact
232,1100251,artist,isa,person
233,1100539,asia,isa,administrative_region
234,1100542,asian,isa,human
235,1100544,asian,isa,person
236,1100545,asian,isa,person_with_nationality
237,1100624,asmara,isa,capital
238,1100807,assailant,isa,person
239,1100988,association,isa,agent_non_geographical
240,1100989,association,isa,organization
241,1101355,athens,isa,administrative_region
242,1101357,athens,isa,station
243,1101384,athlete,isa,person
244,1101431,atlanta,isa,city
245,1101437,atlanta,isa,capital
246,1101544,atmosphere,isa,region
247,1101547,atmosphere,isa,band
248,1101941,attempt,isa,activity
249,1101962,attendance,isa,company
250,1101979,attention,isa,album
251,1102025,attitude,isa,magazine
252,1102097,auckland,isa,city
253,1102117,audacity,isa,software
254,1102120,audi,isa,company
255,1102429,australia,isa,country
256,1102441,australian,isa,person
257,1102442,australian,isa,person_with_nationality
258,1102530,austria,isa,country
259,1102536,austrian,isa,person
260,1102537,austrian,isa,person_with_nationality
261,1102599,author,isa,person
262,1102615,authority,isa,book
263,1102617,authority,isa,person
264,1102757,automatic,isa,weapon
265,1103326,az,isa,musical_artist
266,1103357,azerbaijan,isa,country
267,1103493,ba,isa,country
268,1103517,babel,isa,software
269,1103802,backbone,isa,part
270,1104197,baghdad,isa,city
271,1104198,baghdad,isa,album
272,1104239,bahamas,isa,country
273,1104240,bahamas,isa,state
274,1104250,bahrain,isa,country
275,1104349,baker,isa,person
276,1104394,baku,isa,capital
277,1104420,balance,isa,person
278,1104423,balance,isa,structure
279,1104547,ball,isa,event
280,1104554,ball,isa,software
281,1104565,ball,isa,structure
282,1104711,ballot,isa,company
283,1104789,baltimore,isa,city
284,1104874,banco,isa,book
285,1104875,band,isa,band
286,1104880,band,isa,organization
287,1104900,banda,isa,african
288,1104901,banda,isa,human
289,1104977,bangkok,isa,administrative_region
290,1104978,bangkok,isa,capital
291,1104979,bangladesh,isa,country
292,1104981,bangladesh,isa,state
293,1104982,bangladeshi,isa,asian
294,1104983,bangladeshi,isa,person_with_nationality
295,1104997,bangui,isa,capital
296,1105020,bank,isa,company
297,1105081,banker,isa,person
298,1105208,bar,isa,place
299,1105285,barbara,isa,given_name
300,1105286,barbara,isa,musical_artist
301,1105393,barcelona,isa,city
302,1105800,base,isa,tangible_thing
303,1105806,base,isa,location
304,1105809,base,isa,part
305,1105931,basement,isa,place
306,1105958,basic,isa,software
307,1106028,basis,isa,part
308,1106149,basque,isa,human
309,1106277,bat,isa,weapon
310,1106623,battleford,isa,city
311,1106676,bay,isa,person
312,1106677,bay,isa,station
313,1106742,bbc,isa,company
314,1106768,beach,isa,place
315,1107007,beast,isa,book
316,1107022,beat,isa,given_name
317,1107107,beaver,isa,person
318,1107153,bed,isa,place
319,1107226,bedouin,isa,ethnic_group
320,1107227,bedouin,isa,african
321,1107229,bedouin,isa,human
322,1107439,beginning,isa,part
323,1107513,begun,isa,city
324,1107542,being,isa,state
325,1107587,beja,isa,african
326,1107588,beja,isa,human
327,1107601,belarus,isa,country
328,1107630,belgian,isa,person_with_nationality
329,1107667,belgium,isa,country
330,1107669,belgium,isa,state
331,1107670,belgrade,isa,city
332,1107869,ben,isa,given_name
333,1107871,ben,isa,musical_artist
334,1107893,bench,isa,company
335,1107982,bengali,isa,asian
336,1107983,bengali,isa,human
337,1107985,bengali,isa,ethnic_group
338,1108000,benin,isa,country
339,1108016,benjamin,isa,company
340,1108204,bergen,isa,city
341,1108225,berkshire,isa,administrative_region
342,1108229,berlin,isa,administrative_region
343,1108244,bermuda,isa,country
344,1108268,bernard,isa,person
345,1108269,bernard,isa,soccer_player
346,1108275,berne,isa,river
347,1108290,berry,isa,musical_artist
348,1108350,best,isa,album
349,1108352,best,isa,person
350,1108490,bethlehem,isa,place
351,1108491,bethlehem,isa,town
352,1108571,bevan,isa,given_name
353,1108864,bielefeld,isa,city
354,1109210,billionaire,isa,person
355,1109211,billionaire,isa,human
356,1109320,bind,isa,software
357,1109443,biogen,isa,company
358,1109858,birmingham,isa,city
359,1109871,birth,isa,person
360,1109985,bishop,isa,weapon
361,1110055,bit,isa,part
362,1110164,bizarre,isa,musical_artist
363,1110185,black,isa,musical_artist
364,1110806,blast,isa,software
365,1110809,blast,isa,magazine
366,1110865,blaze,isa,book
367,1110986,blew,isa,album
368,1111007,blind,isa,people
369,1111099,block,isa,artifact
370,1111104,block,isa,area
371,1111196,blood,isa,people
372,1111471,blue,isa,organization
373,1111991,boating,isa,activity
374,1112028,bob,isa,person
375,1112113,bochum,isa,city
376,1112118,bode,isa,river
377,1112148,bodo,isa,person
378,1112153,body,isa,structure
379,1112267,bodyguard,isa,album
380,1112279,boeing,isa,company
381,1112318,boer,isa,ethnic_group
382,1112503,bologna,isa,station
383,1112540,bomb,isa,device
384,1112546,bomb,isa,weapon
385,1112782,bones,isa,album
386,1112783,bones,isa,company
387,1112811,bonn,isa,city
388,1112871,book,isa,device
389,1113030,boost,isa,software
390,1113121,border,isa,part
391,1113204,boris,isa,given_name
392,1113271,borough,isa,town
393,1113288,borrower,isa,film
394,1113327,bosnians,isa,ethnic_group
395,1113336,boss,isa,human
396,1113337,boss,isa,person
397,1113464,botswana,isa,country
398,1113466,botswana,isa,state
399,1113528,bottom,isa,region
400,1113619,boundary,isa,area
401,1113668,bournemouth,isa,town
402,1113671,bourse,isa,station
403,1113844,box,isa,area
404,1113929,boy,isa,band
405,1114028,bp,isa,company
406,1114175,bradley,isa,given_name
407,1114238,brain,isa,software
408,1114334,branch,isa,organization
409,1114367,brand,isa,city
410,1114412,brass,isa,album
411,1114475,brave,isa,film
412,1114476,brave,isa,people
413,1114499,brazil,isa,country
414,1114510,brazilian,isa,person
415,1114511,brazilian,isa,person_with_nationality
416,1114559,breach,isa,event
417,1114605,breadbasket,isa,region
418,1114703,breakthrough,isa,event
419,1114781,breda,isa,city
420,1114814,breezy,isa,film
421,1114821,bremen,isa,town
422,1114822,bremen,isa,administrative_region
423,1114963,bridge,isa,structure
424,1115097,brisbane,isa,city
425,1115098,brisbane,isa,capital
426,1115116,bristol,isa,city
427,1115136,british,isa,person
428,1115137,british,isa,person_with_nationality
429,1115250,brno,isa,city
430,1115305,broadcasting,isa,album
431,1115380,broken,isa,album
432,1115392,broker,isa,book
433,1115781,bruce,isa,given_name
434,1115845,brunet,isa,person
435,1115856,bruno,isa,person
436,1115858,bruno,isa,soccer_player
437,1115900,brussels,isa,capital
438,1115966,bse,isa,disease
439,1116034,bucharest,isa,city
440,1116101,budapest,isa,city
441,1116314,building,isa,structure
442,1116389,bulgaria,isa,country
443,1116390,bulgaria,isa,state
444,1116392,bulgarian,isa,human
445,1116393,bulgarian,isa,person_with_nationality
446,1116405,bulgarians,isa,ethnic_group
447,1116435,bull,isa,person
448,1116495,bullet,isa,part
449,1116762,bureaucracy,isa,agent_non_geographical
450,1116763,bureaucracy,isa,organization
451,1116807,burial,isa,musical_artist
452,1116854,burmese,isa,person_with_nationality
453,1116866,burn,isa,disease
454,1116960,burst,isa,activity
455,1116971,burundi,isa,country
456,1117110,bushman,isa,african
457,1117111,bushman,isa,human
458,1117131,business,isa,organization
459,1117742,c,isa,company
460,1117930,cable,isa,device
461,1118153,caesar,isa,given_name
462,1118258,cairns,isa,city
463,1118260,cairo,isa,city
464,1118261,cairo,isa,capital
465,1118262,cairo,isa,software
466,1118296,cake,isa,tangible_thing
467,1118547,calendar,isa,software
468,1118586,calgary,isa,city
469,1118602,california,isa,administrative_region
470,1118607,california,isa,state
471,1118741,calling,isa,band
472,1118936,cambodia,isa,country
473,1118938,cambodian,isa,person_with_nationality
474,1118948,cambridge,isa,city
475,1118987,camera,isa,device
476,1119007,cameroon,isa,country
477,1119008,cameroon,isa,state
478,1119037,camp,isa,band
479,1119038,camp,isa,place
480,1119132,camping,isa,activity
481,1119224,canada,isa,country
482,1119231,canada,isa,state
483,1119253,canadian,isa,person
484,1119254,canadian,isa,person_with_nationality
485,1119337,canberra,isa,city
486,1119353,cancer,isa,disease
487,1119359,cancer,isa,person
488,1119419,candidate,isa,person
489,1119493,cane,isa,device
490,1119628,cannon,isa,weapon
491,1119939,capita,isa,company
492,1119940,capital,isa,city
493,1120252,car,isa,artifact
494,1120455,caracas,isa,city
495,1120456,caracas,isa,capital
496,1120861,cardiff,isa,city
497,1121034,cargo,isa,tangible_thing
498,1121141,carlos,isa,musical_artist
499,1121389,carrefour,isa,company
500,1121488,cars,isa,band
501,1121505,cars,isa,album
502,1121667,casablanca,isa,city
503,1121693,case,isa,person
504,1121891,cassidy,isa,musical_artist
505,1121979,castle,isa,book
506,1122085,cat,isa,book
507,1122136,catalan,isa,human
508,1122677,cavity,isa,structure
509,1123041,cell,isa,film
510,1123052,cell,isa,book
511,1123349,censor,isa,person
512,1123396,center,isa,area
513,1123397,center,isa,place
514,1123561,centrist,isa,person
515,1123599,ceo,isa,person
516,1123839,ceremony,isa,tangible_thing
517,1123840,ceremony,isa,activity
518,1124061,chad,isa,country
519,1124301,chamber,isa,book
520,1124339,chamorro,isa,human
521,1124367,champion,isa,person
522,1124744,charles,isa,person
523,1124941,chechen,isa,agent_non_geographical
524,1124942,chechen,isa,human
525,1124943,chechen,isa,organization
526,1124944,chechen,isa,person
527,1124949,chechens,isa,ethnic_group
528,1124950,chechnya,isa,administrative_region
529,1125073,cheese,isa,magazine
530,1125081,cheese,isa,tangible_thing
531,1125082,cheese,isa,software
532,1125566,chesterfield,isa,town
533,1125721,chicago,isa,city
534,1125735,chicane,isa,musical_artist
535,1125768,chicken,isa,software
536,1125939,child,isa,person
537,1126046,chile,isa,country
538,1126048,chilean,isa,person
539,1126049,chilean,isa,person_with_nationality
540,1126075,chili,isa,country
541,1126078,chili,isa,artifact
542,1126177,china,isa,country
543,1126187,china,isa,soccer_player
544,1126230,chinese,isa,asian
545,1126232,chinese,isa,human
546,1126233,chinese,isa,person
547,1126234,chinese,isa,person_with_nationality
548,1126372,chip,isa,magazine
549,1126403,chiron,isa,weapon
550,1126785,choke,isa,tangible_thing
551,1126826,cholera,isa,disease
552,1127030,chris,isa,given_name
553,1127050,christian,isa,human
554,1127108,christians,isa,people
555,1127110,christie,isa,station
556,1127112,christine,isa,book
557,1127178,christopher,isa,musical_artist
558,1127359,chronic,isa,album
559,1127563,church,isa,organization
560,1127564,church,isa,place
561,1127806,cincinnati,isa,city
562,1128162,citizen,isa,person
563,1128257,city,isa,place
564,1128263,city,isa,town
565,1128267,city,isa,book
566,1128354,civilian,isa,person
567,1128430,clamp,isa,company
568,1128501,clash,isa,band
569,1128522,class,isa,people
570,1128571,classic,isa,book
571,1128572,classic,isa,film
572,1128755,clean,isa,tangible_thing
573,1128811,clearing,isa,film
574,1128812,clearing,isa,event
575,1128873,clemens,isa,person
576,1128902,clerk,isa,human
577,1128917,cleveland,isa,city
578,1128940,client,isa,book
579,1129198,clock,isa,device
580,1129354,closer,isa,person
581,1129355,closer,isa,magazine
582,1129371,closing,isa,event
583,1129447,closure,isa,album
584,1129451,clot,isa,tangible_thing
585,1129624,clown,isa,book
586,1130611,coil,isa,structure
587,1130700,cold,isa,disease
588,1130798,colin,isa,given_name
589,1130845,collar,isa,band
590,1130878,colleague,isa,person
591,1130936,college,isa,place
592,1130945,college,isa,station
593,1131061,cologne,isa,city
594,1131064,colombia,isa,country
595,1131066,colombian,isa,person_with_nationality
596,1131088,colombo,isa,city
597,1131120,colony,isa,place
598,1131182,colorado,isa,administrative_region
599,1131183,colorado,isa,place
600,1131184,colorado,isa,state
601,1131301,columbus,isa,capital
602,1131317,column,isa,structure
603,1131597,commander,isa,person
604,1131644,commerce,isa,station
605,1131775,commissioner,isa,person
606,1131840,commodity,isa,artifact
607,1131854,common,isa,musical_artist
608,1132205,commonwealth,isa,state
609,1132241,communication,isa,event
610,1132245,communication,isa,tangible_thing
611,1132316,communist,isa,person
612,1132336,community,isa,people
613,1132373,commuter,isa,person
614,1132435,company,isa,organization
615,1132482,compartment,isa,part
616,1132512,compatriot,isa,person
617,1132540,compile,isa,company
618,1132684,component,isa,part
619,1133519,condition,isa,state
620,1133584,conductor,isa,device
621,1133747,conflict,isa,state
622,1133991,conman,isa,film
623,1134150,conservative,isa,person
624,1134399,consumer,isa,person
625,1134443,contact,isa,album
626,1134453,contact,isa,book
627,1134482,contacts,isa,software
628,1134571,contestant,isa,person
629,1134574,context,isa,software
630,1134759,control,isa,activity
631,1134861,convention,isa,event
632,1134868,convention,isa,station
633,1134912,conversion,isa,event
634,1134924,convert,isa,person
635,1135162,cooperative,isa,agent_non_geographical
636,1135163,cooperative,isa,organization
637,1135254,copper,isa,tangible_thing
638,1135503,core,isa,album
639,1135556,cork,isa,city
640,1135604,corn,isa,disease
641,1135692,corner,isa,tangible_thing
642,1135694,corner,isa,structure
643,1135695,corner,isa,area
644,1135698,corner,isa,part
645,1135898,corporation,isa,organization
646,1135950,correction,isa,book
647,1135967,corrections,isa,book
648,1136051,corsica,isa,administrative_region
649,1136055,corsican,isa,person_with_nationality
650,1136240,costa,isa,structure
651,1136472,council,isa,agent_non_geographical
652,1136473,council,isa,organization
653,1136541,counter,isa,person
654,1136643,country,isa,area
655,1136647,country,isa,region
656,1136690,countryside,isa,place
657,1136692,countryside,isa,country
658,1136701,county,isa,state
659,1136702,county,isa,tangible_thing
660,1136704,county,isa,region
661,1136746,couples,isa,book
662,1136810,court,isa,area
663,1136901,coventry,isa,city
664,1136938,covering,isa,tangible_thing
665,1136943,covering,isa,artifact
666,1137117,crab,isa,person
667,1137340,crash,isa,magazine
668,1137405,crawley,isa,town
669,1137505,creation,isa,activity
670,1137506,creation,isa,artifact
671,1137857,crime,isa,activity
672,1137858,crime,isa,film
673,1137894,criminal,isa,person
674,1137930,criminals,isa,human
675,1137933,criminals,isa,people
676,1138005,critic,isa,person
677,1138048,croat,isa,human
678,1138050,croatia,isa,country
679,1138173,cross,isa,structure
680,1138583,crying,isa,event
681,1138685,crystal,isa,tangible_thing
682,1138792,cuba,isa,country
683,1138795,cuban,isa,person
684,1138796,cuban,isa,person_with_nationality
685,1139213,cups,isa,software
686,1139384,curse,isa,musical_artist
687,1139426,curve,isa,magazine
688,1139506,customers,isa,people
689,1139591,cutout,isa,part
690,1139615,cutting,isa,part
691,1140227,cynthia,isa,given_name
692,1140271,cypriot,isa,person
693,1140272,cypriot,isa,person_with_nationality
694,1140289,cyprus,isa,country
695,1140291,cyprus,isa,state
696,1140498,czech,isa,human
697,1140499,czech,isa,person
698,1140500,czech,isa,person_with_nationality
699,1140575,dacia,isa,country
700,1140633,daewoo,isa,company
701,1140758,dalian,isa,city
702,1140765,dallas,isa,city
703,1140868,dana,isa,musical_artist
704,1140887,dance,isa,album
705,1140924,dancer,isa,person
706,1140980,danger,isa,area
707,1141003,dani,isa,person
708,1141006,daniel,isa,book
709,1141007,daniel,isa,person
710,1141028,danish,isa,person
711,1141048,danny,isa,soccer_player
712,1141054,dante,isa,soccer_player
713,1141503,dave,isa,person
714,1141740,dead,isa,album
715,1141741,dead,isa,people
716,1141867,deaf,isa,people
717,1141931,death,isa,state
718,1142013,debrecen,isa,city
719,1142216,decker,isa,artifact
720,1142246,decline,isa,album
721,1142397,deep,isa,company
722,1142436,deeply,isa,film
723,1142500,defeated,isa,people
724,1142531,defense,isa,organization
725,1142697,degree,isa,state
726,1142744,dehydration,isa,disease
727,1143024,demand,isa,activity
728,1143150,demonstrators,isa,agent_non_geographical
729,1143151,demonstrators,isa,organization
730,1143275,denmark,isa,country
731,1143441,denver,isa,city
732,1143444,denver,isa,capital
733,1143493,department,isa,state
734,1143494,department,isa,tangible_thing
735,1143531,departure,isa,band
736,1143667,depths,isa,region
737,1143692,derby,isa,city
738,1143695,derbyshire,isa,administrative_region
739,1143813,descendants,isa,film
740,1143870,desert,isa,place
741,1143981,desk,isa,place
742,1144152,detail,isa,part
743,1144158,detecting,isa,event
744,1144171,detective,isa,human
745,1144173,detective,isa,person
746,1144260,detroit,isa,city
747,1144297,dev,isa,musical_artist
748,1144308,develop,isa,magazine
749,1144391,device,isa,artifact
750,1144475,devon,isa,administrative_region
751,1144549,dhahran,isa,city
752,1144551,dhaka,isa,city
753,1144552,dhaka,isa,capital
754,1144588,dia,isa,software
755,1144589,dia,isa,company
756,1145069,diamond,isa,artifact
757,1145104,diana,isa,given_name
758,1145437,die,isa,device
759,1145439,die,isa,tangible_thing
760,1145483,diesel,isa,company
761,1145519,dieter,isa,person
762,1146242,diplomacy,isa,book
763,1146278,diplomats,isa,band
764,1146457,director,isa,person
765,1146549,disabled,isa,people
766,1146620,disbelief,isa,band
767,1146950,dismantling,isa,activity
768,1146990,disorder,isa,state
769,1147136,disrupting,isa,event
770,1147182,dissident,isa,agent_non_geographical
771,1147183,dissident,isa,organization
772,1147235,distance,isa,region
773,1147264,distillers,isa,band
774,1147353,distributor,isa,company
775,1147364,district,isa,film
776,1147367,district,isa,state
777,1147368,district,isa,tangible_thing
778,1147369,district,isa,region
779,1147461,divergent,isa,book
780,1147525,divine,isa,person
781,1147566,division,isa,state
782,1147567,division,isa,tangible_thing
783,1147715,dnipropetrovsk,isa,city
784,1147721,do,isa,musical_artist
785,1147832,doctor,isa,person
786,1147899,documentary,isa,album
787,1147925,dodge,isa,company
788,1148408,dominion,isa,area
789,1148410,dominion,isa,state
790,1148414,dominique,isa,given_name
791,1148465,donetsk,isa,city
792,1148491,donovan,isa,musical_artist
793,1148509,doomed,isa,people
794,1148524,door,isa,structure
795,1148560,doors,isa,band
796,1148680,dortmund,isa,city
797,1148692,dos,isa,album
798,1148737,double,isa,person
799,1148739,double,isa,musical_artist
800,1149376,dream,isa,musical_artist
801,1149385,dream,isa,band
802,1149386,dream,isa,company
803,1149414,dresden,isa,city
804,1149541,drill,isa,device
805,1149651,drive,isa,device
806,1149675,driver,isa,person
807,1149782,dropping,isa,event
808,1150251,dubai,isa,city
809,1150257,dublin,isa,city
810,1150272,ducati,isa,company
811,1150367,duffy,isa,musical_artist
812,1150381,duisburg,isa,city
813,1150474,dungeon,isa,magazine
814,1150593,dust,isa,tangible_thing
815,1150634,dutch,isa,person
816,1150673,dutchman,isa,person
817,1150674,dutchman,isa,person_with_nationality
818,1150855,dynamo,isa,person
819,1151194,earth,isa,location
820,1151275,east,isa,location
821,1151434,easy,isa,film
822,1151712,eco,isa,software
823,1151794,economist,isa,person
824,1151861,ecuador,isa,country
825,1151886,ed,isa,company
826,1151887,ed,isa,software
827,1151904,eddie,isa,given_name
828,1151936,edge,isa,musical_artist
829,1151943,edge,isa,magazine
830,1151944,edge,isa,person
831,1152020,edinburgh,isa,city
832,1152024,edison,isa,company
833,1152043,editor,isa,person
834,1152074,edna,isa,given_name
835,1152089,education,isa,film
836,1152092,education,isa,activity
837,1152126,edward,isa,given_name
838,1152158,edwin,isa,given_name
839,1152345,egypt,isa,country
840,1152348,egypt,isa,administrative_region
841,1152349,egyptian,isa,book
842,1152350,egyptian,isa,african
843,1152352,egyptian,isa,human
844,1152481,eindhoven,isa,city
845,1152668,elected,isa,band
846,1152720,electorate,isa,tangible_thing
847,1153454,elizabeth,isa,given_name
848,1153557,els,isa,river
849,1153559,else,isa,river
850,1153882,emmanuel,isa,musical_artist
851,1153927,emotions,isa,band
852,1153971,empire,isa,book
853,1153995,employee,isa,person
854,1154011,employment,isa,state
855,1154130,encephalopathy,isa,disease
856,1154162,enclosure,isa,area
857,1154178,encounter,isa,magazine
858,1154212,end,isa,part
859,1154218,end,isa,state
860,1154220,end,isa,book
861,1154257,endemic,isa,disease
862,1154266,ending,isa,event
863,1154453,enemies,isa,people
864,1154456,enemy,isa,people
865,1154554,engineer,isa,person
866,1154573,england,isa,country
867,1154675,englishman,isa,human
868,1154676,englishman,isa,person
869,1154677,englishman,isa,person_with_nationality
870,1154724,enjoyment,isa,activity
871,1154758,ennea,isa,album
872,1154933,enterprise,isa,organization
873,1154954,entertainment,isa,album
874,1155101,environment,isa,region
875,1155104,environment,isa,tangible_thing
876,1155686,era,isa,band
877,1155789,eric,isa,book
878,1155854,eritrea,isa,country
879,1155855,eritrea,isa,state
880,1155857,eritrean,isa,african
881,1155859,eritrean,isa,person
882,1155860,eritrean,isa,person_with_nationality
883,1155878,ernest,isa,given_name
884,1156059,escaped,isa,film
885,1156237,essex,isa,administrative_region
886,1156251,establishment,isa,structure
887,1156253,establishment,isa,organization
888,1156295,estonia,isa,country
889,1156297,estonian,isa,human
890,1156298,estonian,isa,person
891,1156299,estonian,isa,person_with_nationality
892,1156442,ethiopia,isa,country
893,1156445,ethiopia,isa,state
894,1156481,ethnic,isa,person
895,1156745,eugene,isa,musical_artist
896,1156746,eugene,isa,given_name
897,1156964,europe,isa,magazine
898,1156965,europe,isa,station
899,1156969,european,isa,human
900,1156970,european,isa,person
901,1156971,european,isa,person_with_nationality
902,1157189,eva,isa,given_name
903,1157248,eve,isa,person
904,1157251,eve,isa,musical_artist
905,1157254,evelyn,isa,musical_artist
906,1157267,evening,isa,magazine
907,1157422,evolution,isa,software
908,1157429,ewe,isa,african
909,1157430,ewe,isa,human
910,1157483,example,isa,musical_artist
911,1157665,execution,isa,event
912,1157721,exercise,isa,event
913,1157755,exeter,isa,city
914,1157815,exist,isa,software
915,1157932,expatriate,isa,person
916,1158011,expert,isa,person
917,1158012,expert,isa,company
918,1158071,explosion,isa,band
919,1158081,explosive,isa,weapon
920,1158125,export,isa,film
921,1158145,exposure,isa,event
922,1158436,extra,isa,artifact
923,1158438,extra,isa,company
924,1158775,face,isa,person
925,1158888,facility,isa,artifact
926,1158947,factory,isa,company
927,1159182,fall,isa,book
928,1159313,fame,isa,album
929,1159317,fame,isa,band
930,1159335,family,isa,people
931,1159337,family,isa,agent_non_geographical
932,1159424,fan,isa,person
933,1159425,fan,isa,device
934,1159427,fan,isa,river
935,1159490,fans,isa,people
936,1159546,farewell,isa,film
937,1159583,farmer,isa,person
938,1159846,fatima,isa,given_name
939,1159878,fault,isa,tangible_thing
940,1159894,faust,isa,magazine
941,1159895,faust,isa,musical_artist
942,1159964,fear,isa,book
943,1160121,federation,isa,organization
944,1160152,feeder,isa,device
945,1160168,feel,isa,company
946,1160170,feeling,isa,state
947,1160235,felix,isa,given_name
948,1160281,female,isa,person
949,1160575,fernando,isa,soccer_player
950,1160588,ferrari,isa,company
951,1160793,fiasco,isa,book
952,1160979,field,isa,region
953,1161172,fighter,isa,film
954,1161281,file,isa,software
955,1161563,finalist,isa,human
956,1162163,finland,isa,country
957,1162169,finn,isa,human
958,1162170,finn,isa,person_with_nationality
959,1162176,finnish,isa,person
960,1162189,finns,isa,ethnic_group
961,1162192,fiona,isa,given_name
962,1162193,fiona,isa,musical_artist
963,1162234,fire,isa,book
964,1162236,fire,isa,software
965,1162485,firm,isa,organization
966,1162680,fish,isa,person
967,1162682,fish,isa,musical_artist
968,1162972,fixture,isa,artifact
969,1163205,flashpoint,isa,album
970,1163420,fleming,isa,human
971,1163426,flesh,isa,film
972,1163584,floater,isa,disease
973,1163660,floor,isa,structure
974,1163718,florence,isa,given_name
975,1163731,florida,isa,administrative_region
976,1163733,florida,isa,state
977,1163903,flowing,isa,event
978,1164254,focus,isa,magazine
979,1164316,fokker,isa,company
980,1164400,follow,isa,album
981,1164409,following,isa,film
982,1164797,force,isa,organization
983,1164824,ford,isa,company
984,1165119,form,isa,structure
985,1165287,fort,isa,book
986,1165327,fortuna,isa,person
987,1165334,fortune,isa,magazine
988,1165405,foster,isa,station
989,1165453,foundation,isa,book
990,1165458,founder,isa,person
991,1165665,fraction,isa,part
992,1165725,frame,isa,part
993,1165741,framework,isa,structure
994,1165742,framework,isa,software
995,1165751,france,isa,country
996,1165806,frank,isa,given_name
997,1165824,frankfurt,isa,city
998,1165825,frankfurt,isa,station
999,1165826,frankfurt,isa,town
1000,1165912,fred,isa,soccer_player
1001,1165920,freddy,isa,soccer_player
1002,1165922,frederick,isa,person
1003,1165937,free,isa,people
1004,1166068,freedom,isa,state
1005,1166069,freedom,isa,book
1006,1166176,fremantle,isa,city
1007,1166183,french,isa,person
1008,1166322,frenchman,isa,human
1009,1166325,frenzy,isa,film
1010,1166475,friend,isa,film
1011,1166480,friend,isa,person
1012,1166499,friends,isa,people
1013,1166507,friendship,isa,film
1014,1166724,frost,isa,book
1015,1166820,fruit,isa,tangible_thing
1016,1167017,fugitive,isa,person
1017,1167128,fulton,isa,city
1018,1167164,fun,isa,activity
1019,1167242,fundamentalist,isa,human
1020,1167371,furnace,isa,tangible_thing
1021,1167610,gabi,isa,soccer_player
1022,1167613,gabon,isa,country
1023,1167703,gail,isa,river
1024,1167710,gain,isa,musical_artist
1025,1167735,gala,isa,musical_artist
1026,1167820,galina,isa,given_name
1027,1167821,galina,isa,river
1028,1168004,game,isa,activity
1029,1168017,game,isa,part
1030,1168020,game,isa,musical_artist
1031,1168371,gap,isa,software
1032,1168612,garrison,isa,town
1033,1168635,gartner,isa,company
1034,1168637,gary,isa,musical_artist
1035,1169007,gateway,isa,book
1036,1169091,gavin,isa,given_name
1037,1169164,gear,isa,device
1038,1169194,geelong,isa,city
1039,1169634,genoa,isa,city
1040,1170470,george,isa,person
1041,1170471,george,isa,software
1042,1170541,georgia,isa,state
1043,1170546,georgia,isa,country
1044,1170547,georgia,isa,administrative_region
1045,1170615,gerard,isa,administrative_region
1046,1170666,germ,isa,structure
1047,1170680,german,isa,human
1048,1170681,german,isa,person
1049,1170682,german,isa,person_with_nationality
1050,1170759,germans,isa,ethnic_group
1051,1170761,germany,isa,country
1052,1170779,geronimo,isa,person
1053,1170984,giant,isa,person
1054,1171144,gift,isa,software
1055,1171176,giga,isa,company
1056,1171193,gigi,isa,musical_artist
1057,1171553,glamorgan,isa,country
1058,1171910,gloria,isa,album
1059,1171954,gloucestershire,isa,administrative_region
1060,1172321,goalkeeper,isa,soccer_player
1061,1172413,godfather,isa,film
1062,1172418,godfather,isa,book
1063,1172436,goes,isa,city
1064,1172774,golf,isa,activity
1065,1173056,goods,isa,tangible_thing
1066,1173162,gos,isa,software
1067,1173163,gos,isa,river
1068,1173271,government,isa,organization
1069,1173365,governor,isa,human
1070,1173366,governor,isa,person
1071,1173424,grace,isa,state
1072,1173535,graham,isa,given_name
1073,1174080,gray,isa,organization
1074,1174389,greatest,isa,album
1075,1174401,greece,isa,country
1076,1174413,greek,isa,human
1077,1174414,greek,isa,person
1078,1174415,greek,isa,person_with_nationality
1079,1174667,gregory,isa,given_name
1080,1174789,grid,isa,band
1081,1174827,grill,isa,place
1082,1174891,grip,isa,software
1083,1174962,groin,isa,area
1084,1174966,groningen,isa,city
1085,1175898,grouping,isa,activity
1086,1176034,guadalajara,isa,city
1087,1176143,guard,isa,device
1088,1176209,guernsey,isa,country
1089,1176233,guest,isa,person
1090,1176263,guide,isa,structure
1091,1176316,guinea,isa,country
1092,1176339,guinean,isa,african
1093,1176340,guinean,isa,person
1094,1176341,guinean,isa,person_with_nationality
1095,1176478,gun,isa,weapon
1096,1176577,guru,isa,musical_artist
1097,1176839,h2,isa,tangible_thing
1098,1176869,haarlem,isa,city
1099,1177232,haiti,isa,country
1100,1177268,hal,isa,software
1101,1177289,half,isa,part
1102,1177390,halifax,isa,capital
1103,1177391,halifax,isa,town
1104,1177416,halle,isa,city
1105,1177417,halle,isa,station
1106,1177418,halle,isa,town
1107,1177513,ham,isa,artifact
1108,1177518,ham,isa,person
1109,1177555,hamburg,isa,city
1110,1177581,hamilton,isa,capital
1111,1177582,hamilton,isa,town
1112,1177787,handgun,isa,weapon
1113,1177824,handle,isa,part
1114,1177973,hanover,isa,city
1115,1177980,hans,isa,given_name
1116,1178043,happening,isa,event
1117,1178079,harare,isa,city
1118,1178399,harrods,isa,company
1119,1178610,havana,isa,city
1120,1178619,havel,isa,river
1121,1178620,havel,isa,town
1122,1178660,hawaii,isa,administrative_region
1123,1178665,hawaii,isa,place
1124,1178670,hawaii,isa,state
1125,1178865,head,isa,structure
1126,1178877,head,isa,company
1127,1178970,headlines,isa,album
1128,1179291,heartland,isa,region
1129,1179500,heavyweights,isa,film
1130,1179885,help,isa,book
1131,1179912,helsinki,isa,capital
1132,1180218,henrietta,isa,given_name
1133,1180226,henry,isa,person
1134,1180432,here,isa,location
1135,1180434,here,isa,company
1136,1180514,hero,isa,human
1137,1180517,hero,isa,person
1138,1180728,heterosexual,isa,human
1139,1180729,heterosexual,isa,person
1140,1180955,hide,isa,musical_artist
1141,1180964,hideaway,isa,area
1142,1181211,highland,isa,station
1143,1181276,hijacker,isa,person
1144,1181811,hits,isa,album
1145,1182182,holes,isa,book
1146,1182186,holiday,isa,film
1147,1182217,hollow,isa,book
1148,1182344,home,isa,location
1149,1182544,hometown,isa,town
1150,1182657,homosexual,isa,human
1151,1182658,homosexual,isa,person
1152,1182676,honda,isa,company
1153,1182680,honda,isa,tangible_thing
1154,1182704,honduran,isa,person_with_nationality
1155,1182714,honduras,isa,country
1156,1182956,hope,isa,person
1157,1183176,horse,isa,band
1158,1183380,hospital,isa,organization
1159,1183436,host,isa,organization
1160,1183440,host,isa,book
1161,1183491,hostility,isa,state
1162,1183499,hot,isa,weapon
1163,1183692,hours,isa,album
1164,1183694,house,isa,band
1165,1183703,house,isa,place
1166,1183708,house,isa,structure
1167,1183876,housing,isa,structure
1168,1183885,houston,isa,city
1169,1184072,hub,isa,part
1170,1184100,huddersfield,isa,town
1171,1184158,hull,isa,city
1172,1184161,hull,isa,place
1173,1184163,hull,isa,structure
1174,1184188,human,isa,person
1175,1184774,hungary,isa,country
1176,1184807,hunter,isa,person
1177,1184897,hurts,isa,band
1178,1184939,hutu,isa,ethnic_group
1179,1184940,hutu,isa,african
1180,1184941,hutu,isa,human
1181,1184943,hutus,isa,agent_non_geographical
1182,1184944,hutus,isa,organization
1183,1185011,hyderabad,isa,city
1184,1185534,hype,isa,film
1185,1185952,hyundai,isa,company
1186,1186070,ibrahim,isa,given_name
1187,1186281,iceland,isa,country
1188,1186283,iceland,isa,company
1189,1186444,identified,isa,album
1190,1186501,idiots,isa,film
1191,1186843,ill,isa,river
1192,1186849,illawarra,isa,administrative_region
1193,1186881,illinois,isa,administrative_region
1194,1186883,illinois,isa,state
1195,1186911,illusion,isa,company
1196,1187077,immigrant,isa,person
1197,1187110,immune,isa,person
1198,1187275,implement,isa,device
1199,1187512,ina,isa,tangible_thing
1200,1187524,inaction,isa,state
1201,1187570,inc,isa,magazine
1202,1187703,incompetence,isa,disease
1203,1187960,india,isa,country
1204,1187963,india,isa,state
1205,1187971,indian,isa,person_with_nationality
1206,1188064,indiana,isa,administrative_region
1207,1188065,indiana,isa,state
1208,1188070,indianapolis,isa,city
1209,1188224,indonesia,isa,country
1210,1188226,indonesian,isa,asian
1211,1188228,indonesian,isa,human
1212,1188229,indonesian,isa,person_with_nationality
1213,1188265,indore,isa,city
1214,1188270,indre,isa,river
1215,1188481,infection,isa,disease
1216,1188733,info,isa,software
1217,1188748,informant,isa,film
1218,1188861,infrastructure,isa,structure
1219,1188888,ing,isa,film
1220,1188928,ingrid,isa,given_name
1221,1189070,injury,isa,disease
1222,1189073,injury,isa,tangible_thing
1223,1189183,inning,isa,part
1224,1189188,innocent,isa,person
1225,1189346,insert,isa,artifact
1226,1189355,inside,isa,region
1227,1189480,institute,isa,organization
1228,1189506,instrument,isa,tangible_thing
1229,1189507,instrument,isa,device
1230,1189617,insurgent,isa,person
1231,1190900,ion,isa,company
1232,1190953,iowa,isa,administrative_region
1233,1190954,iowa,isa,state
1234,1191051,ipswich,isa,town
1235,1191066,iran,isa,country
1236,1191073,iranian,isa,person
1237,1191074,iranian,isa,person_with_nationality
1238,1191124,iraq,isa,country
1239,1191130,iraqi,isa,asian
1240,1191131,iraqi,isa,person
1241,1191132,iraqi,isa,person_with_nationality
1242,1191171,ireland,isa,country
1243,1191176,ireland,isa,state
1244,1191181,irene,isa,given_name
1245,1191278,irish,isa,person
1246,1191279,irish,isa,person_with_nationality
1247,1191352,iron,isa,weapon
1248,1191645,islamabad,isa,city
1249,1191702,islamist,isa,agent_non_geographical
1250,1191703,islamist,isa,organization
1251,1191704,islamist,isa,person
1252,1191724,island,isa,state
1253,1191725,island,isa,tangible_thing
1254,1191727,island,isa,book
1255,1191768,iso,isa,company
1256,1191948,israel,isa,country
1257,1191952,israeli,isa,asian
1258,1191953,israeli,isa,person
1259,1191954,israeli,isa,person_with_nationality
1260,1192017,israelis,isa,ethnic_group
1261,1192021,issa,isa,african
1262,1192022,issa,isa,human
1263,1192050,istanbul,isa,city
1264,1192082,it,isa,book
1265,1192090,italian,isa,human
1266,1192091,italian,isa,person
1267,1192092,italian,isa,person_with_nationality
1268,1192154,italians,isa,ethnic_group
1269,1192166,italy,isa,country
1270,1192184,item,isa,part
1271,1192223,ivan,isa,given_name
1272,1192234,ivorian,isa,african
1273,1192235,ivorian,isa,person
1274,1192236,ivorian,isa,person_with_nationality
1275,1192270,iwan,isa,musical_artist
1276,1192309,j,isa,musical_artist
1277,1192448,jacob,isa,given_name
1278,1192463,jacqueline,isa,given_name
1279,1192467,jacques,isa,given_name
1280,1192497,jaffna,isa,city
1281,1192543,jakarta,isa,capital
1282,1192567,jamaica,isa,country
1283,1192568,jamaica,isa,state
1284,1192575,jamaican,isa,person
1285,1192576,jamaican,isa,person_with_nationality
1286,1192600,james,isa,given_name
1287,1192672,jammu,isa,city
1288,1192677,jan,isa,person
1289,1192684,jana,isa,given_name
1290,1192702,janet,isa,album
1291,1192728,japan,isa,country
1292,1192746,japanese,isa,asian
1293,1192747,japanese,isa,human
1294,1192748,japanese,isa,person_with_nationality
1295,1192875,jared,isa,person
1296,1193060,jean,isa,soccer_player
1297,1193095,jeddah,isa,city
1298,1193209,jerome,isa,given_name
1299,1193218,jersey,isa,country
1300,1193219,jersey,isa,state
1301,1193230,jerusalem,isa,city
1302,1193231,jerusalem,isa,book
1303,1193243,jesse,isa,person
1304,1193271,jesus,isa,person
1305,1193342,jewel,isa,person
1306,1193343,jewel,isa,musical_artist
1307,1193350,jewell,isa,musical_artist
1308,1193392,jews,isa,ethnic_group
1309,1193545,job,isa,person
1310,1193547,job,isa,book
1311,1193718,joel,isa,given_name
1312,1193753,johannesburg,isa,capital
1313,1193776,john,isa,person
1314,1193934,johnson,isa,musical_artist
1315,1194080,jordan,isa,country
1316,1194107,joseph,isa,given_name
1317,1194151,journal,isa,magazine
1318,1194155,journal,isa,book
1319,1194182,joy,isa,album
1320,1194183,joy,isa,magazine
1321,1194204,jr,isa,musical_artist
1322,1194244,judge,isa,person
1323,1194432,jumping,isa,activity
1324,1194433,jumping,isa,event
1325,1194439,jumping,isa,album
1326,1194492,june,isa,magazine
1327,1194512,jungle,isa,book
1328,1194515,jungle,isa,location
1329,1194540,junior,isa,person
1330,1194758,justin,isa,person
1331,1194772,juvenile,isa,human
1332,1194774,juvenile,isa,person
1333,1194775,juvenile,isa,musical_artist
1334,1194812,k,isa,musical_artist
1335,1194834,ka,isa,person
1336,1194847,kabul,isa,city
1337,1194848,kabul,isa,capital
1338,1194994,kan,isa,musical_artist
1339,1195004,kandahar,isa,city
1340,1195047,kansas,isa,administrative_region
1341,1195049,kansas,isa,state
1342,1195061,kaolack,isa,town
1343,1195082,karachi,isa,city
1344,1195121,karen,isa,asian
1345,1195122,karen,isa,human
1346,1195123,karen,isa,person
1347,1195127,karina,isa,person
1348,1195141,karlsruhe,isa,town
1349,1195142,karlsruhe,isa,administrative_region
1350,1195195,kate,isa,given_name
1351,1195196,kate,isa,software
1352,1195210,kathmandu,isa,city
1353,1195249,kay,isa,given_name
1354,1195280,kazakhstan,isa,country
1355,1195341,keeping,isa,event
1356,1195403,kelly,isa,soccer_player
1357,1195441,kenna,isa,musical_artist
1358,1195447,kennedy,isa,given_name
1359,1195459,kenny,isa,person
1360,1195464,kent,isa,administrative_region
1361,1195470,kentucky,isa,administrative_region
1362,1195471,kentucky,isa,state
1363,1195486,kenya,isa,country
1364,1195487,kenya,isa,state
1365,1195490,kenyan,isa,african
1366,1195491,kenyan,isa,person_with_nationality
1367,1195681,kevin,isa,given_name
1368,1195694,key,isa,device
1369,1195704,key,isa,person
1370,1195811,khmer,isa,asian
1371,1195812,khmer,isa,human
1372,1195894,kid,isa,album
1373,1195897,kid,isa,person
1374,1195964,kiev,isa,city
1375,1195996,killer,isa,person
1376,1196006,killers,isa,band
1377,1196034,kills,isa,band
1378,1196067,kim,isa,given_name
1379,1196068,kim,isa,book
1380,1196069,kimberley,isa,administrative_region
1381,1196071,kimberly,isa,given_name
1382,1196164,king,isa,station
1383,1196210,kingdom,isa,country
1384,1196274,kinshasa,isa,city
1385,1196316,kirovohrad,isa,city
1386,1196321,kirsten,isa,given_name
1387,1196367,kit,isa,device
1388,1196612,knife,isa,band
1389,1196619,knife,isa,weapon
1390,1196639,knight,isa,tangible_thing
1391,1196721,knot,isa,film
1392,1196933,korea,isa,country
1393,1196938,korean,isa,asian
1394,1196939,korean,isa,human
1395,1197003,kosovo,isa,country
1396,1197031,kragujevac,isa,city
1397,1197065,kris,isa,weapon
1398,1197151,kurd,isa,human
1399,1197154,kurd,isa,ethnic_group
1400,1197155,kurdish,isa,human
1401,1197156,kurdish,isa,person
1402,1197163,kurds,isa,ethnic_group
1403,1197188,kuwait,isa,country
1404,1197733,lahore,isa,city
1405,1197759,lake,isa,station
1406,1198018,lancashire,isa,administrative_region
1407,1198124,landing,isa,structure
1408,1198169,landmark,isa,structure
1409,1198764,last,isa,activity
1410,1198908,latin,isa,person
1411,1199002,latvia,isa,country
1412,1199072,launched,isa,album
1413,1199115,laureate,isa,tangible_thing
1414,1199129,lauren,isa,given_name
1415,1199130,lauren,isa,soccer_player
1416,1199294,lawrence,isa,station
1417,1199313,lawyer,isa,human
1418,1199322,lax,isa,station
1419,1199381,lazio,isa,administrative_region
1420,1199505,leader,isa,person
1421,1199506,leader,isa,tangible_thing
1422,1199516,leadership,isa,activity
1423,1199590,league,isa,organization
1424,1199641,learning,isa,activity
1425,1199757,lebanese,isa,person
1426,1199782,lebanon,isa,country
1427,1199798,lech,isa,river
1428,1199867,lee,isa,river
1429,1199881,leeds,isa,city
1430,1200171,leftist,isa,person
1431,1200284,legend,isa,book
1432,1200368,leicester,isa,city
1433,1200369,leicestershire,isa,administrative_region
1434,1200386,leipzig,isa,town
1435,1200387,leipzig,isa,administrative_region
1436,1200548,lens,isa,tangible_thing
1437,1200596,leon,isa,musical_artist
1438,1200599,leonard,isa,given_name
1439,1200602,leonardo,isa,given_name
1440,1200871,less,isa,software
1441,1201139,level,isa,place
1442,1201194,levitating,isa,event
1443,1201322,lhasa,isa,city
1444,1201363,liberal,isa,person
1445,1201389,liberia,isa,country
1446,1201391,liberian,isa,african
1447,1201392,liberian,isa,person_with_nationality
1448,1201439,library,isa,place
1449,1201448,library,isa,organization
1450,1201477,libya,isa,country
1451,1201479,libyan,isa,african
1452,1201480,libyan,isa,person
1453,1201481,libyan,isa,person_with_nationality
1454,1201573,liechtenstein,isa,country
1455,1201631,life,isa,person
1456,1201635,life,isa,magazine
1457,1201716,lift,isa,device
1458,1201968,lightning,isa,software
1459,1201974,lights,isa,album
1460,1201975,lights,isa,musical_artist
1461,1202013,like,isa,band
1462,1202123,lim,isa,river
1463,1202124,lima,isa,soccer_player
1464,1202126,lima,isa,company
1465,1202141,limb,isa,part
1466,1202189,limerick,isa,city
1467,1202287,lincoln,isa,soccer_player
1468,1202302,linda,isa,musical_artist
1469,1202327,line,isa,artifact
1470,1202337,line,isa,location
1471,1202341,line,isa,software
1472,1202609,links,isa,software
1473,1202680,lion,isa,person
1474,1203076,lisa,isa,musical_artist
1475,1203079,lisbon,isa,place
1476,1203204,listing,isa,organization
1477,1203350,lithuania,isa,country
1478,1203510,live,isa,album
1479,1203511,live,isa,book
1480,1203575,liverpool,isa,city
1481,1203583,lives,isa,software
1482,1203597,living,isa,people
1483,1203680,ljubljana,isa,city
1484,1203699,lloyd,isa,musical_artist
1485,1203810,lobby,isa,people
1486,1203881,local,isa,agent_non_geographical
1487,1204317,london,isa,city
1488,1204321,london,isa,capital
1489,1204330,lone,isa,river
1490,1204463,longer,isa,person
1491,1204488,longitude,isa,book
1492,1204532,look,isa,company
1493,1204737,loser,isa,book
1494,1204738,loser,isa,person
1495,1204783,lot,isa,river
1496,1204844,lou,isa,person
1497,1204960,love,isa,soccer_player
1498,1205189,lp,isa,album
1499,1205220,lu,isa,city
1500,1205221,lu,isa,country
1501,1205224,luanda,isa,city
1502,1205225,luanda,isa,capital
1503,1205362,lugo,isa,city
1504,1205372,luka,isa,musical_artist
1505,1205404,lumber,isa,tangible_thing
1506,1205563,luo,isa,african
1507,1205564,luo,isa,human
1508,1205610,lusaka,isa,city
1509,1205661,luton,isa,town
1510,1205684,luxembourg,isa,country
1511,1205712,lviv,isa,city
1512,1205997,m,isa,software
1513,1206265,macedonia,isa,country
1514,1206266,macedonia,isa,administrative_region
1515,1206267,macedonian,isa,human
1516,1206268,macedonian,isa,person
1517,1206269,macedonian,isa,person_with_nationality
1518,1206295,machine,isa,artifact
1519,1206300,machine,isa,device
1520,1206302,machine,isa,organization
1521,1206303,machine,isa,person
1522,1206304,machine,isa,album
1523,1206497,mad,isa,film
1524,1206498,mad,isa,magazine
1525,1206513,madagascar,isa,country
1526,1206540,madeira,isa,administrative_region
1527,1206555,madison,isa,capital
1528,1206595,mafia,isa,film
1529,1206618,magazine,isa,book
1530,1206908,magnus,isa,person
1531,1207020,mail,isa,software
1532,1207088,main,isa,river
1533,1207124,maine,isa,administrative_region
1534,1207125,maine,isa,place
1535,1207127,maine,isa,state
1536,1207133,maine,isa,river
1537,1207278,make,isa,software
1538,1207645,malaria,isa,band
1539,1207646,malaria,isa,disease
1540,1207658,malawi,isa,country
1541,1207659,malawi,isa,state
1542,1207692,malaysia,isa,country
1543,1207694,malaysia,isa,state
1544,1207696,malaysian,isa,person_with_nationality
1545,1207730,male,isa,person
1546,1207976,malta,isa,state
1547,1207983,maltese,isa,human
1548,1207985,maltese,isa,person
1549,1207986,maltese,isa,person_with_nationality
1550,1208153,man,isa,ethnic_group
1551,1208155,man,isa,person
1552,1208246,manager,isa,human
1553,1208262,manchester,isa,city
1554,1208309,mandate,isa,magazine
1555,1208449,manhattan,isa,city
1556,1208504,manila,isa,city
1557,1208505,manila,isa,capital
1558,1208569,mano,isa,soccer_player
1559,1208727,manuscript,isa,book
1560,1208870,maputo,isa,city
1561,1208942,marble,isa,software
1562,1208990,march,isa,book
1563,1209031,marcus,isa,given_name
1564,1209143,maria,isa,musical_artist
1565,1209144,maria,isa,given_name
1566,1209251,mario,isa,musical_artist
1567,1209280,mark,isa,town
1568,1209310,market,isa,location
1569,1209313,market,isa,place
1570,1209315,market,isa,activity
1571,1209368,marketplace,isa,tangible_thing
1572,1209442,maronite,isa,human
1573,1209466,marrakesh,isa,city
1574,1209494,married,isa,person
1575,1209595,marta,isa,soccer_player
1576,1209596,marta,isa,given_name
1577,1209632,martin,isa,given_name
1578,1209649,martinez,isa,person
1579,1209685,marxist,isa,person
1580,1209703,mary,isa,given_name
1581,1209852,mass,isa,river
1582,1209953,massachusetts,isa,administrative_region
1583,1209954,massachusetts,isa,state
1584,1209963,massacre,isa,album
1585,1210195,mate,isa,software
1586,1210362,matter,isa,tangible_thing
1587,1210367,matter,isa,book
1588,1210415,maturity,isa,state
1589,1210456,mauritania,isa,country
1590,1210464,mauritian,isa,person_with_nationality
1591,1210479,mauritius,isa,country
1592,1210480,mauritius,isa,state
1593,1210507,max,isa,company
1594,1210508,max,isa,magazine
1595,1210509,max,isa,software
1596,1210563,may,isa,musical_artist
1597,1210575,maya,isa,person
1598,1210799,means,isa,capital
1599,1210801,meanwhile,isa,album
1600,1210803,measles,isa,disease
1601,1210974,mechanism,isa,device
1602,1211304,medicine,isa,tangible_thing
1603,1211366,medium,isa,state
1604,1211660,melbourne,isa,city
1605,1211661,melbourne,isa,capital
1606,1211705,melissa,isa,given_name
1607,1211815,member,isa,part
1608,1211970,memorial,isa,structure
1609,1212087,men,isa,film
1610,1212141,meningitis,isa,disease
1611,1212281,mentor,isa,person
1612,1212837,metal,isa,tangible_thing
1613,1213131,method,isa,book
1614,1213369,metz,isa,company
1615,1213387,mexican,isa,film
1616,1213391,mexican,isa,person
1617,1213392,mexican,isa,person_with_nationality
1618,1213454,mexico,isa,country
1619,1213462,mexico,isa,album
1620,1213518,mia,isa,band
1621,1213519,miami,isa,city
1622,1213589,michelle,isa,person
1623,1213593,michigan,isa,administrative_region
1624,1213595,michigan,isa,state
1625,1213693,microfilm,isa,film
1626,1213787,microsoft,isa,company
1627,1213928,middle,isa,area
1628,1213929,middle,isa,part
1629,1214104,migration,isa,event
1630,1214106,migration,isa,people
1631,1214116,miguel,isa,musical_artist
1632,1214213,militants,isa,agent_non_geographical
1633,1214214,militants,isa,organization
1634,1214707,milwaukee,isa,city
1635,1214744,min,isa,musical_artist
1636,1214790,mine,isa,weapon
1637,1214843,miner,isa,person
1638,1215001,minister,isa,human
1639,1215037,ministry,isa,organization
1640,1215066,minneapolis,isa,city
1641,1215068,minnesota,isa,administrative_region
1642,1215070,minnesota,isa,state
1643,1215202,miracle,isa,event
1644,1215230,miranda,isa,soccer_player
1645,1215231,miranda,isa,given_name
1646,1215232,miranda,isa,musical_artist
1647,1215327,misery,isa,book
1648,1215373,miss,isa,band
1649,1215415,missile,isa,weapon
1650,1215469,mission,isa,album
1651,1215490,mississippi,isa,administrative_region
1652,1215492,mississippi,isa,state
1653,1215500,missouri,isa,administrative_region
1654,1215559,mit,isa,station
1655,1215684,mitsubishi,isa,company
1656,1215704,mitsui,isa,company
1657,1215848,mob,isa,tangible_thing
1658,1215998,model,isa,artifact
1659,1216130,modernist,isa,person
1660,1216278,moldova,isa,country
1661,1216334,molenbeek,isa,river
1662,1216469,monaco,isa,country
1663,1216490,monarchy,isa,country
1664,1216561,money,isa,magazine
1665,1216618,mongolia,isa,country
1666,1216649,monica,isa,person
1667,1216909,monrovia,isa,city
1668,1216941,montana,isa,administrative_region
1669,1216942,montana,isa,state
1670,1216956,montenegro,isa,country
1671,1216965,monterrey,isa,city
1672,1216979,montgomery,isa,capital
1673,1216997,montreal,isa,city
1674,1217000,montserrat,isa,country
1675,1217039,moon,isa,place
1676,1217233,more,isa,software
1677,1217234,more,isa,album
1678,1217329,moroccan,isa,african
1679,1217330,moroccan,isa,person
1680,1217331,moroccan,isa,person_with_nationality
1681,1217344,morocco,isa,country
1682,1217516,moscow,isa,administrative_region
1683,1217706,mother,isa,book
1684,1217754,motion,isa,state
1685,1217755,motion,isa,software
1686,1217880,motorola,isa,company
1687,1217979,mountain,isa,place
1688,1218127,mouse,isa,person
1689,1218239,movie,isa,film
1690,1218368,mozambican,isa,african
1691,1218369,mozambican,isa,person
1692,1218370,mozambican,isa,person_with_nationality
1693,1218376,mozambique,isa,country
1694,1218377,mozambique,isa,state
1695,1218654,muhammad,isa,person
1696,1218850,multinational,isa,company
1697,1219010,munich,isa,city
1698,1219011,munich,isa,administrative_region
1699,1219024,municipality,isa,state
1700,1219025,municipality,isa,tangible_thing
1701,1219659,muzaffarabad,isa,city
1702,1220073,n,isa,company
1703,1220420,nairobi,isa,city
1704,1220507,namibia,isa,country
1705,1220509,namibia,isa,state
1706,1220511,namibian,isa,african
1707,1220512,namibian,isa,person
1708,1220513,namibian,isa,person_with_nationality
1709,1220534,nana,isa,person
1710,1220537,nana,isa,musical_artist
1711,1220564,nano,isa,soccer_player
1712,1220585,naoko,isa,given_name
1713,1220828,natalia,isa,musical_artist
1714,1220842,nathalie,isa,film
1715,1220852,nation,isa,people
1716,1220855,national,isa,person
1717,1221079,nationalist,isa,agent_non_geographical
1718,1221080,nationalist,isa,organization
1719,1221090,nationality,isa,people
1720,1221484,nazi,isa,person
1721,1221566,nebraska,isa,administrative_region
1722,1221567,nebraska,isa,state
1723,1221584,nec,isa,company
1724,1221604,neck,isa,part
1725,1221744,negative,isa,film
1726,1221800,negotiation,isa,activity
1727,1221803,negotiator,isa,person
1728,1221805,negotiator,isa,book
1729,1222087,nepal,isa,country
1730,1222090,nepalese,isa,asian
1731,1222091,nepalese,isa,human
1732,1222093,nepalese,isa,person
1733,1222094,nepalese,isa,person_with_nationality
1734,1222346,netherlands,isa,country
1735,1222607,neutral,isa,person
1736,1222672,nevus,isa,disease
1737,1223041,next,isa,company
1738,1223042,next,isa,book
1739,1223135,nicaragua,isa,country
1740,1223138,nicaraguan,isa,person_with_nationality
1741,1223150,nice,isa,band
1742,1223164,nicholas,isa,given_name
1743,1223165,nicholas,isa,person
1744,1223169,nick,isa,person
1745,1223273,nicole,isa,musical_artist
1746,1223276,nicosia,isa,city
1747,1223277,nicosia,isa,capital
1748,1223348,nigel,isa,given_name
1749,1223362,nigeria,isa,country
1750,1223363,nigeria,isa,state
1751,1223365,nigerian,isa,african
1752,1223366,nigerian,isa,person_with_nationality
1753,1223397,night,isa,book
1754,1223511,nijmegen,isa,city
1755,1223575,nine,isa,musical_artist
1756,1223700,nissan,isa,river
1757,1224094,noel,isa,given_name
1758,1224678,north,isa,location
1759,1224679,north,isa,region
1760,1224766,northampton,isa,town
1761,1224767,northamptonshire,isa,administrative_region
1762,1224770,northeast,isa,location
1763,1224892,northwest,isa,location
1764,1224909,norway,isa,country
1765,1224916,norwegian,isa,person
1766,1224917,norwegian,isa,person_with_nationality
1767,1224934,norwich,isa,city
1768,1225155,nottingham,isa,city
1769,1225156,nottinghamshire,isa,administrative_region
1770,1225291,ns,isa,software
1771,1225627,number,isa,company
1772,1225720,nuremberg,isa,city
1773,1226161,obligation,isa,state
1774,1226256,obsessed,isa,band
1775,1226379,occupation,isa,activity
1776,1226726,off,isa,film
1777,1226786,office,isa,state
1778,1226837,officer,isa,person
1779,1226912,ohio,isa,administrative_region
1780,1226913,ohio,isa,state
1781,1227123,oklahoma,isa,administrative_region
1782,1227124,oklahoma,isa,state
1783,1227351,olga,isa,given_name
1784,1227439,oliver,isa,person
1785,1227451,olivia,isa,given_name
1786,1227452,olivia,isa,musical_artist
1787,1227641,oman,isa,country
1788,1227794,one,isa,album
1789,1228929,opel,isa,company
1790,1228934,open,isa,area
1791,1229015,opening,isa,event
1792,1229019,opening,isa,artifact
1793,1229129,operation,isa,activity
1794,1229280,opponents,isa,people
1795,1229306,opposition,isa,band
1796,1229399,option,isa,magazine
1797,1229431,or,isa,film
1798,1229466,oran,isa,city
1799,1229640,order,isa,organization
1800,1229649,order,isa,state
1801,1230002,origin,isa,software
1802,1230117,orphan,isa,person
1803,1230280,osaka,isa,city
1804,1230291,oscar,isa,soccer_player
1805,1230332,oslo,isa,city
1806,1230456,osteoporosis,isa,disease
1807,1230621,ottawa,isa,city
1808,1230671,our,isa,river
1809,1230677,ours,isa,musical_artist
1810,1230678,oust,isa,river
1811,1230685,out,isa,magazine
1812,1230852,outside,isa,region
1813,1230892,oval,isa,band
1814,1230940,over,isa,part
1815,1231061,overpowered,isa,album
1816,1231067,override,isa,device
1817,1231179,owner,isa,person
1818,1231187,ownership,isa,state
1819,1231260,oxford,isa,city
1820,1231482,p,isa,software
1821,1231800,pact,isa,book
1822,1231905,pages,isa,software
1823,1231950,pain,isa,band
1824,1232118,pakistan,isa,country
1825,1232119,pakistan,isa,state
1826,1232121,pakistani,isa,asian
1827,1232122,pakistani,isa,human
1828,1232123,pakistani,isa,person
1829,1232124,pakistani,isa,person_with_nationality
1830,1232280,palestine,isa,book
1831,1232309,palestinians,isa,ethnic_group
1832,1232517,panama,isa,country
1833,1233026,papua,isa,region
1834,1233176,paraguay,isa,country
1835,1233266,paramaribo,isa,city
1836,1233295,paramilitary,isa,agent_non_geographical
1837,1233296,paramilitary,isa,organization
1838,1233438,parc,isa,company
1839,1233481,parent,isa,person
1840,1233559,paris,isa,capital
1841,1233562,paris,isa,musical_artist
1842,1233682,parks,isa,place
1843,1233849,part,isa,tangible_thing
1844,1234004,partisan,isa,person
1845,1234007,partisan,isa,weapon
1846,1234012,partition,isa,structure
1847,1234021,partner,isa,book
1848,1234023,partner,isa,person
1849,1234026,partnership,isa,agent_non_geographical
1850,1234027,partnership,isa,organization
1851,1234051,party,isa,activity
1852,1234052,party,isa,event
1853,1234058,party,isa,organization
1854,1234060,party,isa,person
1855,1234088,pas,isa,river
1856,1234096,pascal,isa,given_name
1857,1234130,pass,isa,location
1858,1234141,passage,isa,structure
1859,1234159,passenger,isa,person
1860,1234161,passenger,isa,musical_artist
1861,1234183,passengers,isa,people
1862,1234560,patient,isa,person
1863,1234563,patient,isa,human
1864,1234570,patients,isa,people
1865,1234642,pattaya,isa,city
1866,1234686,paula,isa,given_name
1867,1234687,paula,isa,book
1868,1234692,pauline,isa,musical_artist
1869,1235214,pedestrian,isa,person
1870,1235216,pedestrian,isa,human
1871,1235317,pedro,isa,soccer_player
1872,1235343,peer,isa,person
1873,1235695,pennsylvania,isa,administrative_region
1874,1235697,pennsylvania,isa,state
1875,1236028,people,isa,magazine
1876,1236105,peoples,isa,people
1877,1236606,period,isa,part
1878,1236889,perry,isa,given_name
1879,1236956,person,isa,human
1880,1237182,perth,isa,city
1881,1237184,perth,isa,capital
1882,1237185,perth,isa,town
1883,1237195,peru,isa,country
1884,1237199,peruvian,isa,person_with_nationality
1885,1237333,peter,isa,person
1886,1237350,peterborough,isa,city
1887,1237386,petra,isa,given_name
1888,1237911,philadelphia,isa,city
1889,1237934,philip,isa,given_name
1890,1237935,philip,isa,person
1891,1237943,philippine,isa,person
1892,1237965,philippines,isa,country
1893,1238004,philosopher,isa,person
1894,1238137,phone,isa,device
1895,1238869,physician,isa,book
1896,1238984,piano,isa,film
1897,1239074,pick,isa,device
1898,1239267,piece,isa,part
1899,1239327,pier,isa,tangible_thing
1900,1240212,pistol,isa,weapon
1901,1240233,pit,isa,area
1902,1240337,pittsburgh,isa,city
1903,1240627,plane,isa,river
1904,1240715,planning,isa,event
1905,1240739,plant,isa,book
1906,1241035,plate,isa,structure
1907,1241076,platform,isa,structure
1908,1241170,play,isa,magazine
1909,1241199,played,isa,film
1910,1241204,player,isa,person
1911,1241864,plus,isa,company
1912,1241931,plymouth,isa,city
1913,1241975,pneumonia,isa,disease
1914,1242005,po,isa,river
1915,1242216,point,isa,location
1916,1242297,poison,isa,album
1917,1242330,poisoning,isa,event
1918,1242373,poland,isa,country
1919,1242430,pole,isa,human
1920,1242479,police,isa,band
1921,1242480,police,isa,human
1922,1242483,police,isa,people
1923,1242591,polish,isa,person
1924,1243026,politician,isa,human
1925,1243039,politics,isa,activity
1926,1243127,poltava,isa,city
1927,1243576,pontiac,isa,company
1928,1243578,pontiac,isa,person
1929,1243645,pool,isa,organization
1930,1243734,pope,isa,person
1931,1243802,popularity,isa,state
1932,1243820,population,isa,people
1933,1243978,porsche,isa,company
1934,1244161,portsmouth,isa,city
1935,1244164,portugal,isa,country
1936,1244168,portuguese,isa,human
1937,1244169,portuguese,isa,person
1938,1244170,portuguese,isa,person_with_nationality
1939,1244236,positive,isa,film
1940,1244306,possession,isa,book
1941,1244330,post,isa,company
1942,1244874,potsdam,isa,city
1943,1244946,pound,isa,software
1944,1245216,practice,isa,activity
1945,1245241,prague,isa,city
1946,1245242,prague,isa,capital
1947,1245246,prairie,isa,book
1948,1245702,preparation,isa,activity
1949,1245961,pressing,isa,part
1950,1246023,pretoria,isa,capital
1951,1246083,prey,isa,book
1952,1246163,priest,isa,person
1953,1246355,prince,isa,book
1954,1246361,prince,isa,musical_artist
1955,1246380,princess,isa,magazine
1956,1246381,princess,isa,musical_artist
1957,1246390,principal,isa,film
1958,1246394,principal,isa,capital
1959,1246544,prisoner,isa,person
1960,1246659,pro,isa,software
1961,1246798,procedure,isa,activity
1962,1246909,prod,isa,device
1963,1247138,professor,isa,book
1964,1247210,program,isa,software
1965,1247253,programming,isa,activity
1966,1247284,progressive,isa,magazine
1967,1247285,progressive,isa,person
1968,1247376,projection,isa,structure
1969,1247503,promises,isa,band
1970,1247577,proof,isa,musical_artist
1971,1247776,proposition,isa,film
1972,1247807,proprietor,isa,human
1973,1247999,prostitute,isa,person
1974,1248038,protecting,isa,event
1975,1248051,protection,isa,activity
1976,1248105,protege,isa,person
1977,1248385,province,isa,state
1978,1248400,provision,isa,activity
1979,1248837,psi,isa,software
1980,1249439,pull,isa,device
1981,1249567,pulp,isa,magazine
1982,1249681,punch,isa,magazine
1983,1249845,pure,isa,company
1984,1250813,quarter,isa,state
1985,1250814,quarter,isa,tangible_thing
1986,1250817,quarter,isa,part
1987,1250820,quarter,isa,person
1988,1250973,queen,isa,tangible_thing
1989,1250981,queen,isa,station
1990,1251008,queens,isa,city
1991,1251012,queensland,isa,administrative_region
1992,1251014,queensland,isa,state
1993,1251026,quentin,isa,given_name
1994,1251098,quetta,isa,city
1995,1251121,quick,isa,area
1996,1251122,quick,isa,company
1997,1251214,quinn,isa,person
1998,1251268,quito,isa,city
1999,1251321,r,isa,software
2000,1251481,racist,isa,person
2001,1251656,radical,isa,person
2002,1251838,radios,isa,band
2003,1251897,raf,isa,musical_artist
2004,1251971,rai,isa,company
2005,1251972,rai,isa,asian
2006,1251973,rai,isa,human
2007,1252073,rain,isa,musical_artist
2008,1252349,randolph,isa,given_name
2009,1252491,rape,isa,disease
2010,1252506,raphael,isa,musical_artist
2011,1252538,rapist,isa,person
2012,1252562,rare,isa,company
2013,1252824,ray,isa,album
2014,1252985,reading,isa,activity
2015,1253049,real,isa,company
2016,1253186,rebecca,isa,given_name
2017,1253192,rebellion,isa,book
2018,1253197,rebound,isa,film
2019,1253321,recife,isa,capital
2020,1253474,record,isa,book
2021,1254437,regina,isa,capital
2022,1254439,regina,isa,musical_artist
2023,1254443,region,isa,state
2024,1254444,region,isa,tangible_thing
2025,1254445,region,isa,location
2026,1254741,relationship,isa,state
2027,1254747,relative,isa,person
2028,1254794,release,isa,activity
2029,1254796,release,isa,device
2030,1254853,reliever,isa,person
2031,1255211,reno,isa,river
2032,1255249,reorganization,isa,organization
2033,1255440,representative,isa,person
2034,1255508,republic,isa,book
2035,1255602,rescuers,isa,film
2036,1255716,resident,isa,magazine
2037,1255729,residents,isa,band
2038,1255806,resource,isa,album
2039,1255808,resource,isa,tangible_thing
2040,1255943,restaurant,isa,magazine
2041,1255991,restoration,isa,artifact
2042,1256000,restraint,isa,device
2043,1256319,reuters,isa,company
2044,1256432,revolutionary,isa,agent_non_geographical
2045,1256433,revolutionary,isa,organization
2046,1256728,rhodes,isa,administrative_region
2047,1256845,rib,isa,structure
2048,1256942,ricardo,isa,given_name
2049,1256944,ricardo,isa,soccer_player
2050,1257030,richmond,isa,capital
2051,1257031,richmond,isa,town
2052,1257032,richmond,isa,station
2053,1257089,rico,isa,software
2054,1257112,rider,isa,person
2055,1257212,rifle,isa,weapon
2056,1257252,rig,isa,device
2057,1257257,riga,isa,city
2058,1257706,rio,isa,software
2059,1257810,rita,isa,musical_artist
2060,1258109,robert,isa,musical_artist
2061,1258110,robert,isa,person
2062,1258183,robin,isa,musical_artist
2063,1258478,rocky,isa,film
2064,1258607,role,isa,activity
2065,1258640,roll,isa,film
2066,1258818,romania,isa,country
2067,1258821,romanian,isa,human
2068,1258822,romanian,isa,person
2069,1258823,romanian,isa,person_with_nationality
2070,1258868,rome,isa,station
2071,1258872,romeo,isa,album
2072,1258885,ronaldo,isa,soccer_player
2073,1258960,rookie,isa,person
2074,1258964,room,isa,place
2075,1258970,room,isa,area
2076,1258996,roost,isa,film
2077,1259004,root,isa,software
2078,1259008,root,isa,structure
2079,1259146,rose,isa,musical_artist
2080,1259254,rostock,isa,town
2081,1259255,rostock,isa,administrative_region
2082,1259348,rotterdam,isa,city
2083,1259364,rouge,isa,band
2084,1259488,route,isa,tangible_thing
2085,1259510,routine,isa,software
2086,1259778,rubella,isa,disease
2087,1260022,ruler,isa,person
2088,1260184,runner,isa,person
2089,1260187,runner,isa,device
2090,1260212,running,isa,event
2091,1260362,russia,isa,country
2092,1260372,russian,isa,human
2093,1260373,russian,isa,person_with_nationality
2094,1260434,russians,isa,ethnic_group
2095,1260536,rwanda,isa,country
2096,1260537,rwanda,isa,state
2097,1260540,rwandan,isa,african
2098,1260541,rwandan,isa,person
2099,1260542,rwandan,isa,person_with_nationality
2100,1260586,s,isa,company
2101,1260808,sacramento,isa,capital
2102,1260819,sacrifice,isa,film
2103,1260934,safety,isa,area
2104,1261050,sahara,isa,place
2105,1261066,sail,isa,structure
2106,1261298,saleh,isa,person
2107,1261607,salvador,isa,capital
2108,1261693,sam,isa,software
2109,1261802,samsung,isa,company
2110,1261806,samuel,isa,given_name
2111,1261824,san,isa,river
2112,1262035,sandra,isa,musical_artist
2113,1262152,santiago,isa,city
2114,1262268,sarah,isa,person
2115,1262273,sarajevo,isa,city
2116,1262332,sardinia,isa,administrative_region
2117,1262566,saudi,isa,asian
2118,1262568,saudi,isa,person_with_nationality
2119,1262646,sava,isa,river
2120,1262796,saxony,isa,administrative_region
2121,1262813,saying,isa,activity
2122,1262952,scandal,isa,album
2123,1263024,scar,isa,book
2124,1263025,scar,isa,disease
2125,1263150,scene,isa,area
2126,1263345,school,isa,organization
2127,1263346,school,isa,place
2128,1263355,school,isa,agent_non_geographical
2129,1263461,schumacher,isa,soccer_player
2130,1263565,scientist,isa,magazine
2131,1263566,scientist,isa,human
2132,1263567,scientist,isa,person
2133,1263571,scientist,isa,band
2134,1263675,sclerosis,isa,disease
2135,1263797,scorpion,isa,person
2136,1263839,scotland,isa,country
2137,1263884,scout,isa,person
2138,1263899,scouts,isa,people
2139,1263962,scream,isa,film
2140,1264071,script,isa,band
2141,1264292,sea,isa,place
2142,1264463,seal,isa,device
2143,1264468,seal,isa,musical_artist
2144,1264505,search,isa,film
2145,1264506,search,isa,activity
2146,1264570,seat,isa,company
2147,1264577,seat,isa,device
2148,1264582,seat,isa,part
2149,1264587,seat,isa,location
2150,1264604,seattle,isa,city
2151,1264632,sebastian,isa,musical_artist
2152,1264827,secret,isa,book
2153,1264847,secretariat,isa,agent_non_geographical
2154,1264848,secretariat,isa,organization
2155,1264912,section,isa,part
2156,1264914,section,isa,area
2157,1265161,seen,isa,person
2158,1265589,semiconductor,isa,tangible_thing
2159,1265710,senator,isa,person
2160,1265756,senegal,isa,country
2161,1265762,senegalese,isa,african
2162,1265763,senegalese,isa,person_with_nationality
2163,1265820,sense,isa,river
2164,1265907,sentenced,isa,band
2165,1265940,seoul,isa,city
2166,1265941,seoul,isa,capital
2167,1265960,separation,isa,film
2168,1265967,separation,isa,state
2169,1265984,separatist,isa,person
2170,1265988,separatists,isa,agent_non_geographical
2171,1265989,separatists,isa,organization
2172,1266097,serbia,isa,country
2173,1266099,serbian,isa,human
2174,1266104,serbs,isa,ethnic_group
2175,1266336,service,isa,activity
2176,1266337,service,isa,company
2177,1266471,sessions,isa,album
2178,1266625,seven,isa,musical_artist
2179,1266626,seven,isa,person
2180,1266770,sex,isa,activity
2181,1266791,sex,isa,book
2182,1266909,sexy,isa,book
2183,1266918,seychelles,isa,country
2184,1266955,shack,isa,book
2185,1267014,shaggy,isa,musical_artist
2186,1267143,shape,isa,magazine
2187,1267199,sharjah,isa,city
2188,1267400,sheet,isa,artifact
2189,1267442,sheffield,isa,city
2190,1267483,shell,isa,part
2191,1267535,shelter,isa,structure
2192,1267733,shining,isa,book
2193,1267750,ship,isa,artifact
2194,1267987,shoes,isa,software
2195,1268228,shortage,isa,event
2196,1268318,shotgun,isa,weapon
2197,1268395,showdown,isa,book
2198,1268487,shrewsbury,isa,town
2199,1268666,sicilian,isa,book
2200,1268668,sicilian,isa,person
2201,1268669,sicilian,isa,person_with_nationality
2202,1268673,sicily,isa,administrative_region
2203,1268675,sick,isa,people
2204,1268724,side,isa,area
2205,1268726,side,isa,region
2206,1268804,sides,isa,album
2207,1269127,silicon,isa,band
2208,1269611,singapore,isa,country
2209,1269631,singing,isa,activity
2210,1269813,sink,isa,tangible_thing
2211,1269956,sister,isa,person
2212,1270026,sitting,isa,activity
2213,1270050,situation,isa,state
2214,1270412,skin,isa,film
2215,1270439,skin,isa,musical_artist
2216,1270570,skopje,isa,city
2217,1270575,sks,isa,weapon
2218,1270751,slam,isa,company
2219,1270752,slam,isa,magazine
2220,1270783,slash,isa,musical_artist
2221,1270991,slice,isa,part
2222,1271093,slip,isa,artifact
2223,1271202,slovak,isa,human
2224,1271203,slovak,isa,person
2225,1271204,slovak,isa,person_with_nationality
2226,1271211,slovakia,isa,country
2227,1271220,slovenia,isa,country
2228,1271222,slovenian,isa,person
2229,1271223,slovenian,isa,person_with_nationality
2230,1271637,smooth,isa,album
2231,1271809,snap,isa,band
2232,1271892,sniffer,isa,person
2233,1272183,soap,isa,company
2234,1272386,socialist,isa,person
2235,1272387,socialist,isa,agent_non_geographical
2236,1272388,socialist,isa,organization
2237,1272423,society,isa,agent_non_geographical
2238,1272424,society,isa,organization
2239,1272697,sofia,isa,city
2240,1272699,sofia,isa,capital
2241,1272862,sokol,isa,station
2242,1272956,soldier,isa,person
2243,1272981,sole,isa,area
2244,1273166,solo,isa,activity
2245,1273242,somalia,isa,country
2246,1273293,somerset,isa,administrative_region
2247,1273337,somewhere,isa,location
2248,1273579,sorrow,isa,band
2249,1273585,sort,isa,person
2250,1273783,source,isa,software
2251,1273834,south,isa,location
2252,1273835,south,isa,region
2253,1273941,southampton,isa,city
2254,1273944,southeast,isa,location
2255,1274062,southwest,isa,location
2256,1274085,soviet,isa,person
2257,1274086,soviet,isa,person_with_nationality
2258,1274133,soybean,isa,artifact
2259,1274145,sp,isa,software
2260,1274150,spa,isa,tangible_thing
2261,1274156,space,isa,area
2262,1274169,space,isa,location
2263,1274295,spain,isa,country
2264,1274343,spaniard,isa,human
2265,1274344,spaniard,isa,person
2266,1274345,spaniard,isa,person_with_nationality
2267,1274347,spaniards,isa,ethnic_group
2268,1274355,spanish,isa,person
2269,1274426,spar,isa,company
2270,1274502,sparta,isa,country
2271,1274519,spasms,isa,film
2272,1274694,specialist,isa,film
2273,1275831,sport,isa,person
2274,1276008,spotlight,isa,software
2275,1276149,spring,isa,river
2276,1276191,springfield,isa,town
2277,1276264,spur,isa,tangible_thing
2278,1276288,spy,isa,person
2279,1276366,square,isa,artifact
2280,1276371,square,isa,company
2281,1276552,srinagar,isa,city
2282,1276638,stable,isa,tangible_thing
2283,1276698,stadium,isa,structure
2284,1276923,stand,isa,album
2285,1276924,stand,isa,book
2286,1277281,starting,isa,event
2287,1277304,starvation,isa,disease
2288,1277559,status,isa,state
2289,1277807,stefan,isa,person
2290,1277818,steinberg,isa,company
2291,1278120,stern,isa,magazine
2292,1278466,stock,isa,capital
2293,1278551,stockpile,isa,artifact
2294,1278740,stopping,isa,event
2295,1278978,strain,isa,disease
2296,1279048,strategy,isa,company
2297,1279232,streets,isa,band
2298,1279495,strip,isa,artifact
2299,1279496,strip,isa,part
2300,1279596,strokes,isa,band
2301,1279736,structure,isa,artifact
2302,1279817,student,isa,person
2303,1279946,stuttgart,isa,town
2304,1280068,subaru,isa,company
2305,1280175,subject,isa,person
2306,1280341,subsidiary,isa,agent_non_geographical
2307,1280342,subsidiary,isa,organization
2308,1280457,subway,isa,company
2309,1280588,sudan,isa,country
2310,1280592,sudanese,isa,african
2311,1280593,sudanese,isa,person_with_nationality
2312,1280687,sugar,isa,software
2313,1280758,suicide,isa,disease
2314,1281247,sunny,isa,person
2315,1281296,super,isa,software
2316,1281558,supply,isa,artifact
2317,1281586,support,isa,activity
2318,1281588,support,isa,device
2319,1281705,surabaya,isa,city
2320,1281734,surface,isa,artifact
2321,1281895,surinamese,isa,person
2322,1281896,surinamese,isa,person_with_nationality
2323,1281924,surrey,isa,administrative_region
2324,1281929,surrounded,isa,album
2325,1281998,suspect,isa,person
2326,1282058,suwon,isa,city
2327,1282064,suzuki,isa,company
2328,1282192,swansea,isa,city
2329,1282299,swede,isa,human
2330,1282302,sweden,isa,country
2331,1282311,swedish,isa,person
2332,1282312,swedish,isa,person_with_nationality
2333,1282340,sweep,isa,software
2334,1282609,swiss,isa,person
2335,1282610,swiss,isa,person_with_nationality
2336,1282677,switzerland,isa,country
2337,1282700,sword,isa,weapon
2338,1282747,sydney,isa,city
2339,1282748,sydney,isa,capital
2340,1282776,sylvester,isa,musical_artist
2341,1282979,syndrome,isa,disease
2342,1283097,syria,isa,country
2343,1283098,syria,isa,administrative_region
2344,1283622,tactics,isa,company
2345,1283772,taiwan,isa,country
2346,1283778,taiwanese,isa,asian
2347,1283779,taiwanese,isa,person
2348,1283780,taiwanese,isa,person_with_nationality
2349,1283802,tajikistan,isa,country
2350,1284016,tallinn,isa,city
2351,1284087,tamil,isa,human
2352,1284089,tamils,isa,ethnic_group
2353,1284122,tan,isa,person
2354,1284126,tana,isa,river
2355,1284205,tank,isa,weapon
2356,1284215,tank,isa,musical_artist
2357,1284251,tanker,isa,tangible_thing
2358,1284269,tannery,isa,tangible_thing
2359,1284311,tanzania,isa,country
2360,1284314,tanzanian,isa,african
2361,1284315,tanzanian,isa,person_with_nationality
2362,1284489,target,isa,album
2363,1284504,targets,isa,film
2364,1284625,tasmania,isa,administrative_region
2365,1284681,tatarstan,isa,administrative_region
2366,1284982,teacher,isa,person
2367,1285282,tegucigalpa,isa,city
2368,1285284,tehran,isa,city
2369,1285285,tehran,isa,capital
2370,1285316,telecommunications,isa,tangible_thing
2371,1285487,television,isa,device
2372,1285942,tennis,isa,magazine
2373,1286163,terence,isa,person
2374,1286281,ternopil,isa,city
2375,1286369,territory,isa,area
2376,1286376,terror,isa,person
2377,1286387,terrorist,isa,human
2378,1286388,terrorist,isa,person
2379,1286937,texas,isa,administrative_region
2380,1286939,texas,isa,state
2381,1286981,text,isa,book
2382,1287057,thai,isa,asian
2383,1287058,thai,isa,human
2384,1287074,thailand,isa,country
2385,1287199,the,isa,album
2386,1287286,them,isa,film
2387,1287289,theme,isa,film
2388,1287384,therapy,isa,book
2389,1287387,there,isa,location
2390,1287535,thessaloniki,isa,city
2391,1287602,thieves,isa,film
2392,1287643,thing,isa,artifact
2393,1288061,three,isa,album
2394,1288400,thursday,isa,film
2395,1288537,tiber,isa,river
2396,1288541,tibetan,isa,asian
2397,1288542,tibetan,isa,human
2398,1288721,tiger,isa,person
2399,1288775,tijuana,isa,city
2400,1288783,tilburg,isa,city
2401,1288855,tim,isa,musical_artist
2402,1288885,time,isa,magazine
2403,1289080,tin,isa,software
2404,1289199,tipperary,isa,town
2405,1289226,tirana,isa,capital
2406,1289634,togo,isa,country
2407,1289733,tokyo,isa,city
2408,1289734,tokyo,isa,film
2409,1289736,tokyo,isa,capital
2410,1289778,toluca,isa,city
2411,1289831,tomato,isa,software
2412,1289883,ton,isa,person
2413,1289902,tonga,isa,country
2414,1289903,tonga,isa,african
2415,1289904,tonga,isa,human
2416,1289957,tonight,isa,album
2417,1289990,tony,isa,given_name
2418,1289991,tony,isa,musical_artist
2419,1290003,tool,isa,band
2420,1290007,tool,isa,device
2421,1290106,top,isa,region
2422,1290108,top,isa,software
2423,1290297,toronto,isa,city
2424,1290302,toronto,isa,capital
2425,1290429,toshiba,isa,company
2426,1290446,total,isa,magazine
2427,1290501,touch,isa,river
2428,1290638,tower,isa,structure
2429,1290658,town,isa,city
2430,1290662,town,isa,place
2431,1290807,toyota,isa,company
2432,1290904,track,isa,artifact
2433,1290942,tract,isa,book
2434,1290966,tracy,isa,given_name
2435,1291094,traffickers,isa,film
2436,1291177,trainer,isa,person
2437,1291179,trainer,isa,tangible_thing
2438,1291190,training,isa,activity
2439,1291206,trains,isa,magazine
2440,1291339,transfer,isa,event
2441,1291345,transfer,isa,person
2442,1291539,transmission,isa,software
2443,1291713,trap,isa,device
2444,1291929,treasure,isa,book
2445,1292138,trends,isa,magazine
2446,1292200,trial,isa,book
2447,1292306,tribunal,isa,agent_non_geographical
2448,1292307,tribunal,isa,organization
2449,1292518,trident,isa,software
2450,1292577,trigger,isa,device
2451,1292578,trigger,isa,album
2452,1292881,tristan,isa,person
2453,1292931,triumph,isa,company
2454,1292964,trnava,isa,town
2455,1293187,trough,isa,tangible_thing
2456,1293352,truly,isa,band
2457,1293428,trust,isa,agent_non_geographical
2458,1293429,trust,isa,organization
2459,1293433,trust,isa,company
2460,1293615,tube,isa,structure
2461,1293912,tunis,isa,city
2462,1293914,tunisia,isa,country
2463,1293915,tunisian,isa,african
2464,1293917,tunisian,isa,human
2465,1293918,tunisian,isa,person_with_nationality
2466,1294036,turkey,isa,country
2467,1294068,turkish,isa,person
2468,1294129,turn,isa,activity
2469,1294130,turn,isa,part
2470,1294143,turnaround,isa,area
2471,1294149,turner,isa,person
2472,1294270,tuscany,isa,administrative_region
2473,1294303,tutsi,isa,ethnic_group
2474,1294304,tutsi,isa,african
2475,1294305,tutsi,isa,human
2476,1294386,twa,isa,african
2477,1294387,twa,isa,human
2478,1294500,twins,isa,band
2479,1294990,uae,isa,software
2480,1295111,ukraine,isa,country
2481,1295113,ukrainian,isa,human
2482,1295114,ukrainian,isa,person
2483,1295115,ukrainian,isa,person_with_nationality
2484,1295181,ulsan,isa,city
2485,1295184,ulster,isa,river
2486,1295190,ultimate,isa,software
2487,1295251,ulysses,isa,book
2488,1295315,umbria,isa,administrative_region
2489,1295410,umm,isa,company
2490,1295646,underground,isa,book
2491,1295678,understanding,isa,album
2492,1295779,unemployment,isa,state
2493,1295821,unfortunate,isa,person
2494,1295943,union,isa,device
2495,1295945,union,isa,organization
2496,1295949,union,isa,state
2497,1295950,union,isa,station
2498,1295989,unit,isa,organization
2499,1295990,unit,isa,part
2500,1296200,unity,isa,software
2501,1296241,university,isa,organization
2502,1296242,university,isa,place
2503,1296293,unknown,isa,region
2504,1296548,unwound,isa,band
2505,1296569,update,isa,activity
2506,1296580,upgrade,isa,software
2507,1296597,upland,isa,tangible_thing
2508,1296694,upstairs,isa,part
2509,1297034,uruguay,isa,country
2510,1297038,uruguayan,isa,person
2511,1297039,uruguayan,isa,person_with_nationality
2512,1297122,usa,isa,country
2513,1297147,use,isa,activity
2514,1297160,used,isa,band
2515,1297282,utah,isa,administrative_region
2516,1297285,utah,isa,state
2517,1297388,utrecht,isa,city
2518,1297437,uzi,isa,weapon
2519,1297615,vale,isa,company
2520,1297690,valletta,isa,city
2521,1297691,valley,isa,place
2522,1297842,vancouver,isa,city
2523,1297992,variation,isa,activity
2524,1298023,variety,isa,magazine
2525,1298169,vaughan,isa,city
2526,1298307,vegetarian,isa,person
2527,1298527,venezuela,isa,country
2528,1298530,venezuelan,isa,person_with_nationality
2529,1298744,veracruz,isa,city
2530,1298816,verdict,isa,film
2531,1298875,vermont,isa,administrative_region
2532,1298876,vermont,isa,state
2533,1298878,vermont,isa,station
2534,1298914,versace,isa,company
2535,1299244,viacom,isa,company
2536,1299301,vice,isa,software
2537,1299304,vice,isa,magazine
2538,1299357,victim,isa,person
2539,1299373,victoria,isa,administrative_region
2540,1299375,victoria,isa,person
2541,1299376,victoria,isa,company
2542,1299377,victoria,isa,given_name
2543,1299393,victory,isa,event
2544,1299500,vietnam,isa,country
2545,1299507,vietnamese,isa,asian
2546,1299510,vietnamese,isa,human
2547,1299511,vietnamese,isa,person
2548,1299512,vietnamese,isa,person_with_nationality
2549,1299590,village,isa,town
2550,1299591,village,isa,city
2551,1299668,vine,isa,station
2552,1299892,virginia,isa,administrative_region
2553,1299894,virginia,isa,state
2554,1299898,virginia,isa,given_name
2555,1300099,vision,isa,band
2556,1300130,visitor,isa,person
2557,1300432,vogue,isa,magazine
2558,1300464,void,isa,book
2559,1300474,vojvodina,isa,country
2560,1300522,volgograd,isa,city
2561,1300532,volkswagen,isa,company
2562,1300717,votes,isa,ethnic_group
2563,1300912,wacker,isa,river
2564,1301011,waist,isa,area
2565,1301019,waiter,isa,film
2566,1301026,waiter,isa,person
2567,1301129,walker,isa,film
2568,1301132,walker,isa,device
2569,1301205,wall,isa,album
2570,1301215,wall,isa,tangible_thing
2571,1301330,walsall,isa,town
2572,1301335,walter,isa,given_name
2573,1301387,wanted,isa,band
2574,1301469,warburg,isa,town
2575,1301473,ward,isa,person
2576,1301606,warrington,isa,town
2577,1301615,warsaw,isa,capital
2578,1301639,warwickshire,isa,administrative_region
2579,1301706,washington,isa,state
2580,1301707,washington,isa,soccer_player
2581,1301708,washington,isa,station
2582,1301709,washington,isa,administrative_region
2583,1301756,waste,isa,activity
2584,1302272,waterworks,isa,tangible_thing
2585,1302277,watford,isa,town
2586,1302388,way,isa,artifact
2587,1302412,ways,isa,structure
2588,1302443,we,isa,book
2589,1302488,weapon,isa,artifact
2590,1302490,weapon,isa,device
2591,1302878,wei,isa,country
2592,1302888,weight,isa,artifact
2593,1302946,weiss,isa,river
2594,1302981,well,isa,place
2595,1302983,well,isa,device
2596,1303042,wellington,isa,city
2597,1303043,wellington,isa,capital
2598,1303050,welsh,isa,human
2599,1303133,west,isa,film
2600,1303135,west,isa,location
2601,1303206,western,isa,station
2602,1303484,what,isa,film
2603,1303565,wheel,isa,part
2604,1303679,whereabouts,isa,location
2605,1303815,whistle,isa,device
2606,1304262,who,isa,band
2607,1304340,why,isa,album
2608,1304475,wild,isa,film
2609,1304477,wild,isa,state
2610,1304648,william,isa,person
2611,1304756,wiltshire,isa,administrative_region
2612,1304794,wind,isa,company
2613,1304835,windhoek,isa,city
2614,1304851,window,isa,area
2615,1304853,window,isa,film
2616,1304998,wine,isa,software
2617,1305056,wing,isa,musical_artist
2618,1305108,winner,isa,book
2619,1305109,winners,isa,company
2620,1305134,winnipeg,isa,capital
2621,1305223,wire,isa,device
2622,1305228,wire,isa,magazine
2623,1305300,wisconsin,isa,administrative_region
2624,1305302,wisconsin,isa,state
2625,1305450,witnesses,isa,film
2626,1305489,wolf,isa,river
2627,1305529,wolverhampton,isa,city
2628,1305546,woman,isa,person
2629,1305624,women,isa,book
2630,1305916,worcestershire,isa,administrative_region
2631,1305981,words,isa,book
2632,1305986,work,isa,book
2633,1305992,work,isa,activity
2634,1306065,worker,isa,person
2635,1306115,works,isa,activity
2636,1306190,world,isa,part
2637,1306300,worship,isa,activity
2638,1306331,wound,isa,disease
2639,1306338,wounded,isa,people
2640,1306377,wreckage,isa,artifact
2641,1306379,wreckage,isa,part
2642,1306502,writer,isa,person
2643,1306521,writing,isa,activity
2644,1306597,wrongdoing,isa,activity
2645,1306648,x,isa,film
2646,1306836,xhosa,isa,african
2647,1306837,xi,isa,city
2648,1306970,y,isa,weapon
2649,1307130,yards,isa,film
2650,1307459,yemen,isa,country
2651,1307460,yemen,isa,person
2652,1307461,yemen,isa,person_with_nationality
2653,1307463,yemeni,isa,asian
2654,1307464,yemeni,isa,person
2655,1307465,yemeni,isa,person_with_nationality
2656,1307619,york,isa,city
2657,1307626,yorkshire,isa,town
2658,1307778,yugoslav,isa,person
2659,1307779,yugoslav,isa,person_with_nationality
2660,1307825,yuri,isa,musical_artist
2661,1307853,zadar,isa,city
2662,1307856,zagreb,isa,city
2663,1307859,zairean,isa,african
2664,1307880,zambia,isa,country
2665,1307881,zambian,isa,african
2666,1307882,zambian,isa,person_with_nationality
2667,1308032,zenith,isa,company
2668,1308153,zimbabwe,isa,country
2669,1308157,zimbabwean,isa,african
2670,1308158,zimbabwean,isa,person_with_nationality
2671,1308349,zone,isa,state
2672,1308350,zone,isa,tangible_thing
2673,1308351,zone,isa,structure
2674,1308353,zone,isa,region
2675,4402447,action,isa,activity
2676,4402448,do,isa,activity
2677,4402450,act,isa,activity
2678,4403767,human,isa,african
2679,4403769,person,isa,african
2680,4405183,collection,isa,album
2681,4405189,book,isa,album
2682,4405190,medium,isa,album
2683,4411714,place,isa,area
2684,4411718,structure,isa,area
2685,4411721,topic,isa,area
2686,4411722,region,isa,area
2687,4412779,whole,isa,artifact
2688,4413170,american,isa,asian
2689,4413172,human,isa,asian
2690,4413174,person,isa,asian
2691,4417488,restraint,isa,band
2692,4417489,strip,isa,band
2693,4417491,range,isa,band
2694,4425452,device,isa,book
2695,4425456,object,isa,book
2696,4425459,copy,isa,book
2697,4425466,product,isa,book
2698,4425467,collection,isa,book
2699,4425468,publication,isa,book
2700,4425469,section,isa,book
2701,4432500,city,isa,capital
2702,4432501,largely,isa,capital
2703,4432506,top,isa,capital
2704,4432507,character,isa,capital
2705,4432508,center,isa,capital
2706,4432509,seat,isa,capital
2707,4432510,assets,isa,capital
2708,4440787,place,isa,city
2709,4440789,municipality,isa,city
2710,4440792,settlement,isa,city
2711,4440794,market,isa,city
2712,4440796,book,isa,city
2713,4444953,unit,isa,company
2714,4444955,friendship,isa,company
2715,4449136,area,isa,country
2716,4449140,region,isa,country
2717,4459236,illness,isa,disease
2718,4468911,group,isa,ethnic_group
2719,4469700,situation,isa,event
2720,4473846,medium,isa,film
2721,4473852,watch,isa,film
2722,4473859,object,isa,film
2723,4473861,sheet,isa,film
2724,4483823,name,isa,given_name
2725,4483826,list,isa,given_name
2726,4496489,being,isa,human
2727,4496495,animal,isa,human
2728,4516203,object,isa,location
2729,4516204,workplace,isa,location
2730,4518864,book,isa,magazine
2731,4518868,product,isa,magazine
2732,4518871,press,isa,magazine
2733,4518872,publication,isa,magazine
2734,4518873,publisher,isa,magazine
2735,4542014,structure,isa,organization
2736,4542015,disposal,isa,organization
2737,4542016,treatment,isa,organization
2738,4542018,activity,isa,organization
2739,4542019,administration,isa,organization
2740,4545996,concept,isa,part
2741,4545998,object,isa,part
2742,4545999,line,isa,part
2743,4546000,concern,isa,part
2744,4546003,thing,isa,part
2745,4548015,alcoholics,isa,people
2746,4548027,better,isa,people
2747,4548053,dancing,isa,people
2748,4548056,democrats,isa,people
2749,4548085,idiots,isa,people
2750,4548088,indians,isa,people
2751,4548089,individuals,isa,people
2752,4548095,judges,isa,people
2753,4548097,laborers,isa,people
2754,4548098,lawyers,isa,people
2755,4548100,less,isa,people
2756,4548103,managers,isa,people
2757,4548112,not,isa,people
2758,4548120,parents,isa,people
2759,4548122,persons,isa,people
2760,4548123,physicians,isa,people
2761,4548126,politicians,isa,people
2762,4548133,regularly,isa,people
2763,4548135,scientists,isa,people
2764,4548136,secretaries,isa,people
2765,4548146,teachers,isa,people
2766,4548150,translators,isa,people
2767,4548160,group,isa,people
2768,4548161,magazine,isa,people
2769,4549087,individual,isa,person
2770,4549154,human,isa,person_with_nationality
2771,4549155,person,isa,person_with_nationality
2772,4552547,item,isa,place
2773,4552548,passage,isa,place
2774,4552551,condition,isa,place
2775,4552552,situation,isa,place
2776,4566507,site,isa,region
2777,4566508,state,isa,region
2778,4566510,location,isa,region
2779,4569906,stream,isa,river
2780,4569912,site,isa,river
2781,4584260,athlete,isa,soccer_player
2782,4584261,worker,isa,soccer_player
2783,4584262,player,isa,soccer_player
2784,4584786,code,isa,software
2785,4589308,government,isa,state
2786,4589471,facility,isa,station
2787,4589473,position,isa,station
2788,4591707,system,isa,structure
2789,4591709,constitution,isa,structure
2790,4596132,agent,isa,tangible_thing
2791,4602596,community,isa,town
2792,4602598,place,isa,town
2793,4602602,settlement,isa,town
2794,4602603,municipality,isa,town
2795,4614382,tool,isa,weapon
2796,4614385,device,isa,weapon
2797,4614388,instrument,isa,weapon
